[{"pk": 18, "fields": {"is_staff": true, "password": "pbkdf2_sha256$15000$XK0Rvv8pRRM4$s8RHYxbsbG+fyzfYPGd4NAXpgBlHg0+6rnEtYhweQm0=", "is_active": true, "last_login": "2015-06-04T18:37:48.301Z", "user_permissions": [], "last_name": "", "date_joined": "2015-06-03T22:14:13.953Z", "groups": [], "first_name": "", "username": "valentin", "is_superuser": true, "email": ""}, "model": "auth.user"}, {"pk": 19, "fields": {"is_staff": false, "password": "pbkdf2_sha256$15000$trnLwk4T2Gq0$BWE+2klAdDTpj/bziIMVYbi86Kkyx7efPEeZLZWzwTg=", "is_active": true, "last_login": "2015-06-03T22:20:10.859Z", "user_permissions": [], "last_name": "Carter", "date_joined": "2015-06-03T22:20:06.902Z", "groups": [], "first_name": "John", "username": "john", "is_superuser": false, "email": "john@yopmail.com"}, "model": "auth.user"}, {"pk": 20, "fields": {"is_staff": false, "password": "pbkdf2_sha256$15000$HHVkBV4g0mJQ$chPw6vwlwv7iBo2TB0EE8nItHVbuz/Iu00RJ8AJ7BaM=", "is_active": true, "last_login": "2015-06-04T18:28:41.328Z", "user_permissions": [], "last_name": "admin", "date_joined": "2015-06-04T17:40:19Z", "groups": [], "first_name": "admin", "username": "admin", "is_superuser": true, "email": "admin@pandabouf.fr"}, "model": "auth.user"}, {"pk": 21, "fields": {"is_staff": true, "password": "pbkdf2_sha256$15000$aDXHzQP6vljv$lgTExK8N/BI49YPNoyaUhgoXyrddNBi/9BRnGeSFUvo=", "is_active": true, "last_login": "2015-06-04T18:29:03.395Z", "user_permissions": [["add_logentry", "admin", "logentry"], ["change_logentry", "admin", "logentry"], ["delete_logentry", "admin", "logentry"], ["add_group", "auth", "group"], ["change_group", "auth", "group"], ["delete_group", "auth", "group"], ["add_permission", "auth", "permission"], ["change_permission", "auth", "permission"], ["delete_permission", "auth", "permission"], ["add_user", "auth", "user"], ["change_user", "auth", "user"], ["delete_user", "auth", "user"], ["add_contenttype", "contenttypes", "contenttype"], ["change_contenttype", "contenttypes", "contenttype"], ["delete_contenttype", "contenttypes", "contenttype"], ["add_commentaire", "recette", "commentaire"], ["change_commentaire", "recette", "commentaire"], ["delete_commentaire", "recette", "commentaire"], ["add_difficulte", "recette", "difficulte"], ["change_difficulte", "recette", "difficulte"], ["delete_difficulte", "recette", "difficulte"], ["add_etape", "recette", "etape"], ["change_etape", "recette", "etape"], ["delete_etape", "recette", "etape"], ["add_ingredient", "recette", "ingredient"], ["change_ingredient", "recette", "ingredient"], ["delete_ingredient", "recette", "ingredient"], ["add_note", "recette", "note"], ["change_note", "recette", "note"], ["delete_note", "recette", "note"], ["add_photo", "recette", "photo"], ["change_photo", "recette", "photo"], ["delete_photo", "recette", "photo"], ["add_recette", "recette", "recette"], ["change_recette", "recette", "recette"], ["delete_recette", "recette", "recette"], ["add_type", "recette", "type"], ["change_type", "recette", "type"], ["delete_type", "recette", "type"], ["add_session", "sessions", "session"], ["change_session", "sessions", "session"], ["delete_session", "sessions", "session"]], "last_name": "h", "date_joined": "2015-06-04T17:42:50Z", "groups": [], "first_name": "tim", "username": "tim", "is_superuser": true, "email": "tim.h@pandabouff.fr"}, "model": "auth.user"}, {"pk": "6u7jcrbcvwj4guhjrkcsy6eshcp39emc", "fields": {"session_data": "YmUyNjdhZWVjMGI5NDQzOTRlYzNkMmUxYjFhNjc4NzRjNmE1MDg1NTp7Il9hdXRoX3VzZXJfYmFja2VuZCI6ImRqYW5nby5jb250cmliLmF1dGguYmFja2VuZHMuTW9kZWxCYWNrZW5kIiwiX2F1dGhfdXNlcl9oYXNoIjoiMmMyMTc4MmVmZmU2ZGI3ODE4Y2VlMDJjMTEzODE1ZGIyYTkwMTBmZiIsIl9hdXRoX3VzZXJfaWQiOjE4fQ==", "expire_date": "2015-06-18T18:37:48.380Z"}, "model": "sessions.session"}, {"pk": "ab0g449q7akuwz02yco35dhyeuatexm2", "fields": {"session_data": "OTMzYTc3NDY4NjUzZDkyYzE2NmQ5MmZmYWJjODc4Mzg4MDBkNGFjMjp7Il9hdXRoX3VzZXJfaWQiOjE5LCJfYXV0aF91c2VyX2JhY2tlbmQiOiJkamFuZ28uY29udHJpYi5hdXRoLmJhY2tlbmRzLk1vZGVsQmFja2VuZCIsIl9hdXRoX3VzZXJfaGFzaCI6IjkyYmE2MDczOGYyOTlhZjExODM4MGI2MzM0ZWMyNGMwNmFhZDc3MjMifQ==", "expire_date": "2015-06-17T22:20:10.867Z"}, "model": "sessions.session"}, {"pk": 8, "fields": {"cout": 5.0, "temps_preparation": 20, "temps_cuisson": 20, "temps_repos": 10, "difficulte": 3, "user": ["tim"], "type": 1, "titre": "Lasagnes"}, "model": "recette.recette"}, {"pk": 9, "fields": {"cout": 5.0, "temps_preparation": 15, "temps_cuisson": 2, "temps_repos": 0, "difficulte": 2, "user": ["john"], "type": 1, "titre": "Burger G\u00e9ant"}, "model": "recette.recette"}, {"pk": 10, "fields": {"cout": 8.0, "temps_preparation": 30, "temps_cuisson": 60, "temps_repos": 20, "difficulte": 4, "user": ["john"], "type": 2, "titre": "Tirammisu"}, "model": "recette.recette"}, {"pk": 11, "fields": {"cout": 7.0, "temps_preparation": 10, "temps_cuisson": 2, "temps_repos": 0, "difficulte": 2, "user": ["john"], "type": 4, "titre": "Enchilladas"}, "model": "recette.recette"}, {"pk": 14, "fields": {"image": "photos_recettes/lasagne-1_1QO7Xa6.jpg", "recette": 8}, "model": "recette.photo"}, {"pk": 15, "fields": {"image": "photos_recettes/lasagne-2_FlUdsYe.jpg", "recette": 8}, "model": "recette.photo"}, {"pk": 16, "fields": {"image": "photos_recettes/url_JTsSkL1.png", "recette": 9}, "model": "recette.photo"}, {"pk": 17, "fields": {"image": "photos_recettes/a860ca6e-8fbf-468e-abfa-2c1432a9bac2_normal_Ek1DODJ.jpg", "recette": 10}, "model": "recette.photo"}, {"pk": 18, "fields": {"image": "photos_recettes/url_mfjQo9Z.jpg", "recette": 11}, "model": "recette.photo"}, {"pk": 22, "fields": {"quantite": "1/2 paquet", "nom": "paquet de p\u00e2te \u00e0 lasagnes", "recette": 8}, "model": "recette.ingredient"}, {"pk": 23, "fields": {"quantite": "1", "nom": "oignon", "recette": 8}, "model": "recette.ingredient"}, {"pk": 24, "fields": {"quantite": "1", "nom": "bo\u00eete de tomates en d\u00e9s", "recette": 8}, "model": "recette.ingredient"}, {"pk": 25, "fields": {"quantite": "6", "nom": "steak", "recette": 9}, "model": "recette.ingredient"}, {"pk": 26, "fields": {"quantite": "500g", "nom": "Cheese", "recette": 9}, "model": "recette.ingredient"}, {"pk": 27, "fields": {"quantite": "2", "nom": "Pain", "recette": 9}, "model": "recette.ingredient"}, {"pk": 28, "fields": {"quantite": "200g", "nom": "Mascarpone", "recette": 10}, "model": "recette.ingredient"}, {"pk": 29, "fields": {"quantite": "300g", "nom": "sucre", "recette": 10}, "model": "recette.ingredient"}, {"pk": 30, "fields": {"quantite": "500g", "nom": "Poulet", "recette": 11}, "model": "recette.ingredient"}, {"pk": 31, "fields": {"quantite": "10", "nom": "Galettes", "recette": 11}, "model": "recette.ingredient"}, {"pk": 22, "fields": {"detail": "Laver et hacher finement l'oignon, la carotte et la branche de c\u00e9leri (en ayant pris soin d'en retirer les feuilles que l'on r\u00e9serve pour plus tard).", "recette": 8}, "model": "recette.etape"}, {"pk": 23, "fields": {"detail": "Dans une marmite ou une cocotte, verser un fond d'huile d'olive et y ajouter la moiti\u00e9 du m\u00e9lange pr\u00e9alablement pr\u00e9par\u00e9, puis y ajouter toute la tomate.", "recette": 8}, "model": "recette.etape"}, {"pk": 24, "fields": {"detail": "Ajouter ensuite un bouquet constitu\u00e9 des feuilles de c\u00e9leri et de deux branches de basilic enti\u00e8res, bouquet que l'on retirera en fin de cuisson de la sauce", "recette": 8}, "model": "recette.etape"}, {"pk": 25, "fields": {"detail": "Cuire les steak", "recette": 9}, "model": "recette.etape"}, {"pk": 26, "fields": {"detail": "Pr\u00e9parer la sauce", "recette": 9}, "model": "recette.etape"}, {"pk": 27, "fields": {"detail": "Faire Griller le pain", "recette": 9}, "model": "recette.etape"}, {"pk": 28, "fields": {"detail": "M\u00e9langer le mascarpone", "recette": 10}, "model": "recette.etape"}, {"pk": 29, "fields": {"detail": "M\u00e9langer au sucre", "recette": 10}, "model": "recette.etape"}, {"pk": 30, "fields": {"detail": "Cuire le poulet ", "recette": 11}, "model": "recette.etape"}, {"pk": 31, "fields": {"detail": "Pr\u00e9parer les galettes", "recette": 11}, "model": "recette.etape"}, {"pk": 1, "fields": {"detail": "Je suis la description de la cat\u00e9gorie plat. Je suis la description de la cat\u00e9gorie plat. Je suis la description de la cat\u00e9gorie plat. Je suis la description de la cat\u00e9gorie plat. Je suis la description de la cat\u00e9gorie plat. Je suis la description de la cat\u00e9gorie plat. Je suis la description de la cat\u00e9gorie plat. Je suis la description de la cat\u00e9gorie plat. ", "title": "plat", "label": "Les plats"}, "model": "recette.type"}, {"pk": 2, "fields": {"detail": "Je suis la descriptions des desserts. Je suis la descriptions des desserts. Je suis la descriptions des desserts. Je suis la descriptions des desserts. Je suis la descriptions des desserts. Je suis la descriptions des desserts. Je suis la descriptions des desserts. Je suis la descriptions des desserts. Je suis la descriptions des desserts. ", "title": "dessert", "label": "Les desserts"}, "model": "recette.type"}, {"pk": 3, "fields": {"detail": "Je suis la description de la cat\u00e9gorie apero. Je suis la description de la cat\u00e9gorie apero. Je suis la description de la cat\u00e9gorie apero. Je suis la description de la cat\u00e9gorie apero. Je suis la description de la cat\u00e9gorie apero. Je suis la description de la cat\u00e9gorie apero. Je suis la description de la cat\u00e9gorie apero. Je suis la description de la cat\u00e9gorie apero. Je suis la description de la cat\u00e9gorie apero. Je suis la description de la cat\u00e9gorie apero. Je suis la description de la cat\u00e9gorie apero. ", "title": "apero", "label": "L'ap\u00e9ro ! "}, "model": "recette.type"}, {"pk": 4, "fields": {"detail": "Je suis la description de la cat\u00e9gorie entr\u00e9es. Je suis la description de la cat\u00e9gorie entr\u00e9es. Je suis la description de la cat\u00e9gorie entr\u00e9es. Je suis la description de la cat\u00e9gorie entr\u00e9es. Je suis la description de la cat\u00e9gorie entr\u00e9es. Je suis la description de la cat\u00e9gorie entr\u00e9es. Je suis la description de la cat\u00e9gorie entr\u00e9es. Je suis la description de la cat\u00e9gorie entr\u00e9es. Je suis la description de la cat\u00e9gorie entr\u00e9es. ", "title": "entr\u00e9es", "label": "Les entr\u00e9es"}, "model": "recette.type"}, {"pk": 1, "fields": {"text": "Tr\u00e9s facile"}, "model": "recette.difficulte"}, {"pk": 2, "fields": {"text": "Facile"}, "model": "recette.difficulte"}, {"pk": 3, "fields": {"text": "Moyen"}, "model": "recette.difficulte"}, {"pk": 4, "fields": {"text": "Difficile"}, "model": "recette.difficulte"}, {"pk": 5, "fields": {"text": "Tr\u00e9s difficile"}, "model": "recette.difficulte"}, {"pk": 1, "fields": {"user": ["tim"], "recette": 9, "note": 9}, "model": "recette.note"}, {"pk": 2, "fields": {"user": ["tim"], "recette": 11, "note": 4}, "model": "recette.note"}, {"pk": 3, "fields": {"user": ["tim"], "recette": 8, "note": 4}, "model": "recette.note"}, {"pk": 4, "fields": {"user": ["tim"], "recette": 10, "note": 3}, "model": "recette.note"}, {"pk": 5, "fields": {"user": ["valentin"], "recette": 8, "note": 8}, "model": "recette.note"}, {"pk": 6, "fields": {"user": ["valentin"], "recette": 11, "note": 8}, "model": "recette.note"}, {"pk": 1, "fields": {"user": ["tim"], "created_at": "2015-06-04T18:25:15.822Z", "recette": 9, "message": "A tester !"}, "model": "recette.commentaire"}, {"pk": 2, "fields": {"user": ["tim"], "created_at": "2015-06-04T18:25:54.674Z", "recette": 10, "message": "Super !"}, "model": "recette.commentaire"}, {"pk": 3, "fields": {"user": ["valentin"], "created_at": "2015-06-04T18:27:29.659Z", "recette": 8, "message": "Je recommande"}, "model": "recette.commentaire"}, {"pk": 4, "fields": {"user": ["valentin"], "created_at": "2015-06-04T18:27:51.006Z", "recette": 9, "message": "Tr\u00e8s bon !"}, "model": "recette.commentaire"}, {"pk": 2, "fields": {"action_flag": 1, "object_repr": "tim", "action_time": "2015-06-04T17:40:20.137Z", "change_message": "", "user": ["valentin"], "object_id": "20", "content_type": ["auth", "user"]}, "model": "admin.logentry"}, {"pk": 3, "fields": {"action_flag": 2, "object_repr": "admin", "action_time": "2015-06-04T17:42:25.966Z", "change_message": "Modifi\u00e9 username, first_name, last_name, email et is_superuser.", "user": ["valentin"], "object_id": "20", "content_type": ["auth", "user"]}, "model": "admin.logentry"}, {"pk": 4, "fields": {"action_flag": 1, "object_repr": "Tim", "action_time": "2015-06-04T17:42:50.741Z", "change_message": "", "user": ["valentin"], "object_id": "21", "content_type": ["auth", "user"]}, "model": "admin.logentry"}, {"pk": 5, "fields": {"action_flag": 2, "object_repr": "Tim", "action_time": "2015-06-04T17:43:21.953Z", "change_message": "Modifi\u00e9 first_name, last_name, email et is_superuser.", "user": ["valentin"], "object_id": "21", "content_type": ["auth", "user"]}, "model": "admin.logentry"}, {"pk": 6, "fields": {"action_flag": 1, "object_repr": "Burger G\u00e9ant", "action_time": "2015-06-04T18:14:21.054Z", "change_message": "", "user": ["valentin"], "object_id": "9", "content_type": ["recette", "recette"]}, "model": "admin.logentry"}, {"pk": 7, "fields": {"action_flag": 1, "object_repr": "aa", "action_time": "2015-06-04T18:14:56.121Z", "change_message": "", "user": ["valentin"], "object_id": "5", "content_type": ["recette", "type"]}, "model": "admin.logentry"}, {"pk": 8, "fields": {"action_flag": 3, "object_repr": "aa", "action_time": "2015-06-04T18:15:09.938Z", "change_message": "", "user": ["valentin"], "object_id": "5", "content_type": ["recette", "type"]}, "model": "admin.logentry"}, {"pk": 9, "fields": {"action_flag": 2, "object_repr": "tim", "action_time": "2015-06-04T18:17:33.666Z", "change_message": "Modifi\u00e9 username, first_name, is_staff et user_permissions.", "user": ["valentin"], "object_id": "21", "content_type": ["auth", "user"]}, "model": "admin.logentry"}, {"pk": 10, "fields": {"action_flag": 2, "object_repr": "tim", "action_time": "2015-06-04T18:17:46.476Z", "change_message": "Modifi\u00e9 password.", "user": ["valentin"], "object_id": "21", "content_type": ["auth", "user"]}, "model": "admin.logentry"}, {"pk": 11, "fields": {"action_flag": 2, "object_repr": "admin", "action_time": "2015-06-04T18:18:19.304Z", "change_message": "Modifi\u00e9 password.", "user": ["tim"], "object_id": "20", "content_type": ["auth", "user"]}, "model": "admin.logentry"}, {"pk": 12, "fields": {"action_flag": 1, "object_repr": "Tirammisu", "action_time": "2015-06-04T18:19:30.795Z", "change_message": "", "user": ["tim"], "object_id": "10", "content_type": ["recette", "recette"]}, "model": "admin.logentry"}, {"pk": 13, "fields": {"action_flag": 1, "object_repr": "Enchilladas", "action_time": "2015-06-04T18:23:14.687Z", "change_message": "", "user": ["tim"], "object_id": "11", "content_type": ["recette", "recette"]}, "model": "admin.logentry"}, {"pk": 14, "fields": {"action_flag": 2, "object_repr": "Lasagnes", "action_time": "2015-06-04T18:48:40.408Z", "change_message": "Modifi\u00e9 user.", "user": ["valentin"], "object_id": "8", "content_type": ["recette", "recette"]}, "model": "admin.logentry"}]