[{"pk": 13, "fields": {"app_label": "admin", "name": "log entry", "model": "logentry"}, "model": "contenttypes.contenttype"}, {"pk": 14, "fields": {"app_label": "auth", "name": "permission", "model": "permission"}, "model": "contenttypes.contenttype"}, {"pk": 15, "fields": {"app_label": "auth", "name": "group", "model": "group"}, "model": "contenttypes.contenttype"}, {"pk": 16, "fields": {"app_label": "auth", "name": "user", "model": "user"}, "model": "contenttypes.contenttype"}, {"pk": 17, "fields": {"app_label": "contenttypes", "name": "content type", "model": "contenttype"}, "model": "contenttypes.contenttype"}, {"pk": 18, "fields": {"app_label": "sessions", "name": "session", "model": "session"}, "model": "contenttypes.contenttype"}, {"pk": 19, "fields": {"app_label": "recette", "name": "photo", "model": "photo"}, "model": "contenttypes.contenttype"}, {"pk": 20, "fields": {"app_label": "recette", "name": "ingredient", "model": "ingredient"}, "model": "contenttypes.contenttype"}, {"pk": 21, "fields": {"app_label": "recette", "name": "etape", "model": "etape"}, "model": "contenttypes.contenttype"}, {"pk": 22, "fields": {"app_label": "recette", "name": "recette", "model": "recette"}, "model": "contenttypes.contenttype"}, {"pk": 23, "fields": {"app_label": "recette", "name": "note", "model": "note"}, "model": "contenttypes.contenttype"}, {"pk": 24, "fields": {"app_label": "recette", "name": "commentaire", "model": "commentaire"}, "model": "contenttypes.contenttype"}, {"pk": 25, "fields": {"app_label": "recette", "name": "type", "model": "type"}, "model": "contenttypes.contenttype"}, {"pk": 26, "fields": {"app_label": "recette", "name": "difficulte", "model": "difficulte"}, "model": "contenttypes.contenttype"}, {"pk": "uyyeffscy3yifwvu7f4lon256865hmbg", "fields": {"session_data": "YTE4ZDg5MGE0Y2Y0MDU1ZWQ0YzJlNzU1ZjRmNjFjY2Q1ZmVhMjZiNDp7Il9hdXRoX3VzZXJfYmFja2VuZCI6ImRqYW5nby5jb250cmliLmF1dGguYmFja2VuZHMuTW9kZWxCYWNrZW5kIiwiX2F1dGhfdXNlcl9oYXNoIjoiNWY4OTEzYTcwMzE0MTc0YTU1YTNiZWNlNzE0MzliYjg5YTY5YjM5MCIsIl9hdXRoX3VzZXJfaWQiOjN9", "expire_date": "2015-06-10T08:07:53.970Z"}, "model": "sessions.session"}, {"pk": 1, "fields": {"recette": 2, "image": "photos_recettes/url.png"}, "model": "recette.photo"}, {"pk": 2, "fields": {"recette": 3, "image": "photos_recettes/url_S6BLdkz.png"}, "model": "recette.photo"}, {"pk": 3, "fields": {"recette": 4, "image": "photos_recettes/a860ca6e-8fbf-468e-abfa-2c1432a9bac2_normal.jpg"}, "model": "recette.photo"}, {"pk": 1, "fields": {"nom": "lait", "recette": null, "quantite": "555"}, "model": "recette.ingredient"}, {"pk": 2, "fields": {"nom": "farine", "recette": 2, "quantite": "400g"}, "model": "recette.ingredient"}, {"pk": 3, "fields": {"nom": "eau ti\u00e8de", "recette": 2, "quantite": "1/2 verre"}, "model": "recette.ingredient"}, {"pk": 4, "fields": {"nom": "sel", "recette": 2, "quantite": "une pinc\u00e9e"}, "model": "recette.ingredient"}, {"pk": 5, "fields": {"nom": "Steack", "recette": 3, "quantite": "10"}, "model": "recette.ingredient"}, {"pk": 6, "fields": {"nom": "Cheese", "recette": 3, "quantite": "500g"}, "model": "recette.ingredient"}, {"pk": 7, "fields": {"nom": "Pain", "recette": 3, "quantite": "2"}, "model": "recette.ingredient"}, {"pk": 8, "fields": {"nom": "oeuf", "recette": 4, "quantite": "3"}, "model": "recette.ingredient"}, {"pk": 9, "fields": {"nom": "Mascarpone", "recette": 4, "quantite": "200g"}, "model": "recette.ingredient"}, {"pk": 10, "fields": {"nom": "sucre", "recette": 4, "quantite": "150g"}, "model": "recette.ingredient"}, {"pk": 1, "fields": {"recette": null, "detail": "vvc"}, "model": "recette.etape"}, {"pk": 2, "fields": {"recette": null, "detail": "kojjojojoj"}, "model": "recette.etape"}, {"pk": 3, "fields": {"recette": 2, "detail": "Pr\u00e9parer d'abord la p\u00e2te \u00e0 pizza :\r\n\r\nDans un saladier, m\u00e9langer la farine et le sel; creuser un petit puits, et verser le m\u00e9lange eau-levure pr\u00e9alablement d\u00e9lay\u00e9e."}, "model": "recette.etape"}, {"pk": 4, "fields": {"recette": 2, "detail": "Pr\u00e9parer la garniture :\r\n\r\nDans une grand bol, d\u00e9layer la sauce tomate avec de l'eau et ajouter le sel, le poivre et le basilic. Couper la mozzarella en d\u00e9s grossiers et r\u00e9server."}, "model": "recette.etape"}, {"pk": 5, "fields": {"recette": 2, "detail": "Verser une grosse louche de sauce tomate-basilic sur chaque et une bonne poign\u00e9e de mozzarella, puis placer le jaune d'oeuf. "}, "model": "recette.etape"}, {"pk": 6, "fields": {"recette": 3, "detail": "Pr\u00e9parer la sauce cocktail"}, "model": "recette.etape"}, {"pk": 7, "fields": {"recette": 3, "detail": "Faire cuire les steaks"}, "model": "recette.etape"}, {"pk": 8, "fields": {"recette": 3, "detail": "Confectionner le tout"}, "model": "recette.etape"}, {"pk": 9, "fields": {"recette": 4, "detail": "S\u00e9parer les blancs des jaunes. M\u00e9langer les jaunes + sucre + sucre vanill\u00e9. Ajouter le mascarpone au fouet.\r\n\r\nMonter les blancs en neige et les incorporer d\u00e9licatement \u00e0 la spatule au m\u00e9lange pr\u00e9c\u00e9dent.\r\n\r\nPr\u00e9parer du caf\u00e9 noir.\r\n\r\nMouiller les biscuits dans le caf\u00e9.\r\n\r\nTapisser le fond du moule avec les biscuits. Recouvrir d'une couche de cr\u00e8me, \u0153uf, sucre, mascarpone. Alterner biscuits et cr\u00e8me.\r\n\r\n"}, "model": "recette.etape"}, {"pk": 10, "fields": {"recette": 4, "detail": "Terminer par une couche de cr\u00e8me. Saupoudrer de cacao.\r\n\r\n"}, "model": "recette.etape"}, {"pk": 11, "fields": {"recette": 4, "detail": "Mettre au r\u00e9frig\u00e9rateur 4 heures minimum."}, "model": "recette.etape"}, {"pk": 1, "fields": {"detail": "Plats", "title": "Plats", "label": "Plats"}, "model": "recette.type"}, {"pk": 2, "fields": {"detail": "Les Dessert & le fromage", "title": "Desserts", "label": "Desserts"}, "model": "recette.type"}, {"pk": 3, "fields": {"detail": "Entr\u00e9e", "title": "Entr\u00e9e", "label": "Entr\u00e9e"}, "model": "recette.type"}, {"pk": 1, "fields": {"text": "Facile"}, "model": "recette.difficulte"}, {"pk": 2, "fields": {"text": "Moyen"}, "model": "recette.difficulte"}, {"pk": 3, "fields": {"text": "Difficile"}, "model": "recette.difficulte"}, {"pk": 37, "fields": {"content_type": 13, "name": "Can add log entry", "codename": "add_logentry"}, "model": "auth.permission"}, {"pk": 38, "fields": {"content_type": 13, "name": "Can change log entry", "codename": "change_logentry"}, "model": "auth.permission"}, {"pk": 39, "fields": {"content_type": 13, "name": "Can delete log entry", "codename": "delete_logentry"}, "model": "auth.permission"}, {"pk": 40, "fields": {"content_type": 14, "name": "Can add permission", "codename": "add_permission"}, "model": "auth.permission"}, {"pk": 41, "fields": {"content_type": 14, "name": "Can change permission", "codename": "change_permission"}, "model": "auth.permission"}, {"pk": 42, "fields": {"content_type": 14, "name": "Can delete permission", "codename": "delete_permission"}, "model": "auth.permission"}, {"pk": 43, "fields": {"content_type": 15, "name": "Can add group", "codename": "add_group"}, "model": "auth.permission"}, {"pk": 44, "fields": {"content_type": 15, "name": "Can change group", "codename": "change_group"}, "model": "auth.permission"}, {"pk": 45, "fields": {"content_type": 15, "name": "Can delete group", "codename": "delete_group"}, "model": "auth.permission"}, {"pk": 46, "fields": {"content_type": 16, "name": "Can add user", "codename": "add_user"}, "model": "auth.permission"}, {"pk": 47, "fields": {"content_type": 16, "name": "Can change user", "codename": "change_user"}, "model": "auth.permission"}, {"pk": 48, "fields": {"content_type": 16, "name": "Can delete user", "codename": "delete_user"}, "model": "auth.permission"}, {"pk": 49, "fields": {"content_type": 17, "name": "Can add content type", "codename": "add_contenttype"}, "model": "auth.permission"}, {"pk": 50, "fields": {"content_type": 17, "name": "Can change content type", "codename": "change_contenttype"}, "model": "auth.permission"}, {"pk": 51, "fields": {"content_type": 17, "name": "Can delete content type", "codename": "delete_contenttype"}, "model": "auth.permission"}, {"pk": 52, "fields": {"content_type": 18, "name": "Can add session", "codename": "add_session"}, "model": "auth.permission"}, {"pk": 53, "fields": {"content_type": 18, "name": "Can change session", "codename": "change_session"}, "model": "auth.permission"}, {"pk": 54, "fields": {"content_type": 18, "name": "Can delete session", "codename": "delete_session"}, "model": "auth.permission"}, {"pk": 55, "fields": {"content_type": 19, "name": "Can add photo", "codename": "add_photo"}, "model": "auth.permission"}, {"pk": 56, "fields": {"content_type": 19, "name": "Can change photo", "codename": "change_photo"}, "model": "auth.permission"}, {"pk": 57, "fields": {"content_type": 19, "name": "Can delete photo", "codename": "delete_photo"}, "model": "auth.permission"}, {"pk": 58, "fields": {"content_type": 20, "name": "Can add ingredient", "codename": "add_ingredient"}, "model": "auth.permission"}, {"pk": 59, "fields": {"content_type": 20, "name": "Can change ingredient", "codename": "change_ingredient"}, "model": "auth.permission"}, {"pk": 60, "fields": {"content_type": 20, "name": "Can delete ingredient", "codename": "delete_ingredient"}, "model": "auth.permission"}, {"pk": 61, "fields": {"content_type": 21, "name": "Can add etape", "codename": "add_etape"}, "model": "auth.permission"}, {"pk": 62, "fields": {"content_type": 21, "name": "Can change etape", "codename": "change_etape"}, "model": "auth.permission"}, {"pk": 63, "fields": {"content_type": 21, "name": "Can delete etape", "codename": "delete_etape"}, "model": "auth.permission"}, {"pk": 64, "fields": {"content_type": 22, "name": "Can add recette", "codename": "add_recette"}, "model": "auth.permission"}, {"pk": 65, "fields": {"content_type": 22, "name": "Can change recette", "codename": "change_recette"}, "model": "auth.permission"}, {"pk": 66, "fields": {"content_type": 22, "name": "Can delete recette", "codename": "delete_recette"}, "model": "auth.permission"}, {"pk": 67, "fields": {"content_type": 23, "name": "Can add note", "codename": "add_note"}, "model": "auth.permission"}, {"pk": 68, "fields": {"content_type": 23, "name": "Can change note", "codename": "change_note"}, "model": "auth.permission"}, {"pk": 69, "fields": {"content_type": 23, "name": "Can delete note", "codename": "delete_note"}, "model": "auth.permission"}, {"pk": 70, "fields": {"content_type": 24, "name": "Can add commentaire", "codename": "add_commentaire"}, "model": "auth.permission"}, {"pk": 71, "fields": {"content_type": 24, "name": "Can change commentaire", "codename": "change_commentaire"}, "model": "auth.permission"}, {"pk": 72, "fields": {"content_type": 24, "name": "Can delete commentaire", "codename": "delete_commentaire"}, "model": "auth.permission"}, {"pk": 73, "fields": {"content_type": 25, "name": "Can add type", "codename": "add_type"}, "model": "auth.permission"}, {"pk": 74, "fields": {"content_type": 25, "name": "Can change type", "codename": "change_type"}, "model": "auth.permission"}, {"pk": 75, "fields": {"content_type": 25, "name": "Can delete type", "codename": "delete_type"}, "model": "auth.permission"}, {"pk": 76, "fields": {"content_type": 26, "name": "Can add difficulte", "codename": "add_difficulte"}, "model": "auth.permission"}, {"pk": 77, "fields": {"content_type": 26, "name": "Can change difficulte", "codename": "change_difficulte"}, "model": "auth.permission"}, {"pk": 78, "fields": {"content_type": 26, "name": "Can delete difficulte", "codename": "delete_difficulte"}, "model": "auth.permission"}, {"pk": 3, "fields": {"groups": [], "last_name": "", "last_login": "2015-05-27T08:07:53.904Z", "first_name": "", "password": "pbkdf2_sha256$15000$I8FHYJs2Cq5B$2QZh6s4UPd/nTELaLPFmli8oCgGTdlIT8D4O8EoHdBo=", "email": "", "is_staff": true, "is_active": true, "is_superuser": true, "date_joined": "2015-05-27T08:06:44.745Z", "user_permissions": [], "username": "admin"}, "model": "auth.user"}, {"pk": 4, "fields": {"groups": [], "last_name": "Herlaud", "last_login": "2015-06-01T18:32:01Z", "first_name": "Tim", "password": "pbkdf2_sha256$15000$SbCNzZ4b7I7K$6StLOc/jYbPDST0gAo1C4NYD8JbisG4+Plcfw1EhmYk=", "email": "tim@pandabouf.com", "is_staff": true, "is_active": true, "is_superuser": true, "date_joined": "2015-06-01T18:32:01Z", "user_permissions": [37, 38, 39, 43, 44, 45, 40, 41, 42, 46, 47, 48, 49, 50, 51, 70, 71, 72, 76, 77, 78, 61, 62, 63, 58, 59, 60, 67, 68, 69, 55, 56, 57, 64, 65, 66, 73, 74, 75, 52, 53, 54], "username": "Tim"}, "model": "auth.user"}, {"pk": 5, "fields": {"groups": [], "last_name": "Valentin", "last_login": "2015-06-01T18:32:58Z", "first_name": "Stephen", "password": "pbkdf2_sha256$15000$l4gLXSdrobn1$jEKvlhvoAzzmlDLb7Ikgq1XCQZZq0Dp0+SVob4w5v6o=", "email": "stephen@pandabouf.com", "is_staff": true, "is_active": true, "is_superuser": true, "date_joined": "2015-06-01T18:32:58Z", "user_permissions": [37, 38, 39, 43, 44, 45, 40, 41, 42, 46, 47, 48, 49, 50, 51, 70, 71, 72, 76, 77, 78, 61, 62, 63, 58, 59, 60, 67, 68, 69, 55, 56, 57, 64, 65, 66, 73, 74, 75, 52, 53, 54], "username": "Stephen"}, "model": "auth.user"}, {"pk": 6, "fields": {"groups": [], "last_name": "invite", "last_login": "2015-06-01T18:33:54Z", "first_name": "invite", "password": "pbkdf2_sha256$15000$YxZcRDIK5mSh$XJBZGCdynECugCd6BJuJRA3Rod/5exXr5Q0/a1EDnho=", "email": "invite@pandabouff.fr", "is_staff": false, "is_active": true, "is_superuser": false, "date_joined": "2015-06-01T18:33:54Z", "user_permissions": [67, 64], "username": "invite"}, "model": "auth.user"}, {"pk": 2, "fields": {"temps_cuisson": 7, "titre": "Pizza Chinckenita", "cout": 2.0, "difficulte": 3, "temps_preparation": 15, "type": 1, "user": 5, "temps_repos": 3}, "model": "recette.recette"}, {"pk": 3, "fields": {"temps_cuisson": 2, "titre": "M\u00e9ga Cheese", "cout": 7.0, "difficulte": 2, "temps_preparation": 15, "type": 1, "user": 5, "temps_repos": 0}, "model": "recette.recette"}, {"pk": 4, "fields": {"temps_cuisson": 30, "titre": "Tiramisu", "cout": 5.0, "difficulte": 3, "temps_preparation": 60, "type": 2, "user": 6, "temps_repos": 50}, "model": "recette.recette"}, {"pk": 1, "fields": {"user": 5, "recette": 2, "note": 10}, "model": "recette.note"}, {"pk": 2, "fields": {"user": 4, "recette": 2, "note": 9}, "model": "recette.note"}, {"pk": 3, "fields": {"user": 6, "recette": 2, "note": 5}, "model": "recette.note"}, {"pk": 4, "fields": {"user": 3, "recette": 2, "note": 9}, "model": "recette.note"}, {"pk": 2, "fields": {"user": 4, "recette": 2, "message": "Tr\u00e8s bon !"}, "model": "recette.commentaire"}, {"pk": 3, "fields": {"user": 6, "recette": 2, "message": "Super !"}, "model": "recette.commentaire"}, {"pk": 17, "fields": {"user": 3, "content_type": 22, "action_time": "2015-05-27T08:08:34.186Z", "object_repr": "Recette1", "change_message": "", "object_id": "1", "action_flag": 1}, "model": "admin.logentry"}, {"pk": 18, "fields": {"user": 3, "content_type": 23, "action_time": "2015-05-27T08:36:49.045Z", "object_repr": "Note object", "change_message": "", "object_id": "1", "action_flag": 1}, "model": "admin.logentry"}, {"pk": 19, "fields": {"user": 3, "content_type": 24, "action_time": "2015-05-27T08:42:45.426Z", "object_repr": "Commentaire object", "change_message": "", "object_id": "1", "action_flag": 1}, "model": "admin.logentry"}, {"pk": 20, "fields": {"user": 3, "content_type": 23, "action_time": "2015-05-27T08:50:59.036Z", "object_repr": "Note object", "change_message": "", "object_id": "2", "action_flag": 1}, "model": "admin.logentry"}, {"pk": 21, "fields": {"user": 3, "content_type": 23, "action_time": "2015-05-27T09:07:53.876Z", "object_repr": "Note object", "change_message": "", "object_id": "2", "action_flag": 3}, "model": "admin.logentry"}, {"pk": 22, "fields": {"user": 3, "content_type": 23, "action_time": "2015-05-27T09:07:54.064Z", "object_repr": "Note object", "change_message": "", "object_id": "1", "action_flag": 3}, "model": "admin.logentry"}, {"pk": 23, "fields": {"user": 3, "content_type": 25, "action_time": "2015-05-27T11:39:40.842Z", "object_repr": "Plats", "change_message": "", "object_id": "1", "action_flag": 1}, "model": "admin.logentry"}, {"pk": 24, "fields": {"user": 3, "content_type": 24, "action_time": "2015-06-01T18:29:30.113Z", "object_repr": "Commentaire object", "change_message": "", "object_id": "1", "action_flag": 3}, "model": "admin.logentry"}, {"pk": 25, "fields": {"user": 3, "content_type": 22, "action_time": "2015-06-01T18:29:45.438Z", "object_repr": "AAA", "change_message": "", "object_id": "1", "action_flag": 3}, "model": "admin.logentry"}, {"pk": 26, "fields": {"user": 3, "content_type": 16, "action_time": "2015-06-01T18:32:02.051Z", "object_repr": "Tim", "change_message": "", "object_id": "4", "action_flag": 1}, "model": "admin.logentry"}, {"pk": 27, "fields": {"user": 3, "content_type": 16, "action_time": "2015-06-01T18:32:45.428Z", "object_repr": "Tim", "change_message": "Modifi\u00e9 first_name, last_name, email, is_staff, is_superuser et user_permissions.", "object_id": "4", "action_flag": 2}, "model": "admin.logentry"}, {"pk": 28, "fields": {"user": 3, "content_type": 16, "action_time": "2015-06-01T18:32:58.504Z", "object_repr": "Stephen", "change_message": "", "object_id": "5", "action_flag": 1}, "model": "admin.logentry"}, {"pk": 29, "fields": {"user": 3, "content_type": 16, "action_time": "2015-06-01T18:33:39.954Z", "object_repr": "Stephen", "change_message": "Modifi\u00e9 first_name, last_name, email, is_staff, is_superuser et user_permissions.", "object_id": "5", "action_flag": 2}, "model": "admin.logentry"}, {"pk": 30, "fields": {"user": 3, "content_type": 16, "action_time": "2015-06-01T18:33:54.281Z", "object_repr": "invite", "change_message": "", "object_id": "6", "action_flag": 1}, "model": "admin.logentry"}, {"pk": 31, "fields": {"user": 3, "content_type": 16, "action_time": "2015-06-01T18:35:50.800Z", "object_repr": "invite", "change_message": "Modifi\u00e9 first_name, last_name, email et user_permissions.", "object_id": "6", "action_flag": 2}, "model": "admin.logentry"}, {"pk": 32, "fields": {"user": 3, "content_type": 25, "action_time": "2015-06-01T19:13:58.600Z", "object_repr": "Desserts", "change_message": "", "object_id": "2", "action_flag": 1}, "model": "admin.logentry"}, {"pk": 33, "fields": {"user": 3, "content_type": 26, "action_time": "2015-06-01T19:27:34.392Z", "object_repr": "Facile", "change_message": "", "object_id": "1", "action_flag": 1}, "model": "admin.logentry"}, {"pk": 34, "fields": {"user": 3, "content_type": 26, "action_time": "2015-06-01T19:28:11.712Z", "object_repr": "Moyen", "change_message": "", "object_id": "2", "action_flag": 1}, "model": "admin.logentry"}, {"pk": 35, "fields": {"user": 3, "content_type": 26, "action_time": "2015-06-01T19:28:21.792Z", "object_repr": "Difficile", "change_message": "", "object_id": "3", "action_flag": 1}, "model": "admin.logentry"}, {"pk": 36, "fields": {"user": 3, "content_type": 22, "action_time": "2015-06-01T19:33:07.860Z", "object_repr": "Pizza Chinckenita", "change_message": "", "object_id": "2", "action_flag": 1}, "model": "admin.logentry"}, {"pk": 37, "fields": {"user": 3, "content_type": 24, "action_time": "2015-06-01T19:34:08.123Z", "object_repr": "Commentaire object", "change_message": "", "object_id": "2", "action_flag": 1}, "model": "admin.logentry"}, {"pk": 38, "fields": {"user": 3, "content_type": 24, "action_time": "2015-06-01T19:35:01.760Z", "object_repr": "Commentaire object", "change_message": "", "object_id": "3", "action_flag": 1}, "model": "admin.logentry"}, {"pk": 39, "fields": {"user": 3, "content_type": 23, "action_time": "2015-06-01T19:35:21.229Z", "object_repr": "10", "change_message": "", "object_id": "1", "action_flag": 1}, "model": "admin.logentry"}, {"pk": 40, "fields": {"user": 3, "content_type": 23, "action_time": "2015-06-01T19:35:31.293Z", "object_repr": "9", "change_message": "", "object_id": "2", "action_flag": 1}, "model": "admin.logentry"}, {"pk": 41, "fields": {"user": 3, "content_type": 23, "action_time": "2015-06-01T19:35:46.369Z", "object_repr": "5", "change_message": "", "object_id": "3", "action_flag": 1}, "model": "admin.logentry"}, {"pk": 42, "fields": {"user": 3, "content_type": 25, "action_time": "2015-06-01T19:37:05.215Z", "object_repr": "Plats", "change_message": "Modifi\u00e9 label et detail.", "object_id": "1", "action_flag": 2}, "model": "admin.logentry"}, {"pk": 43, "fields": {"user": 3, "content_type": 22, "action_time": "2015-06-01T19:41:45.876Z", "object_repr": "M\u00e9ga Cheese", "change_message": "", "object_id": "3", "action_flag": 1}, "model": "admin.logentry"}, {"pk": 44, "fields": {"user": 3, "content_type": 22, "action_time": "2015-06-01T19:47:09.951Z", "object_repr": "Tiramisu", "change_message": "", "object_id": "4", "action_flag": 1}, "model": "admin.logentry"}, {"pk": 45, "fields": {"user": 3, "content_type": 25, "action_time": "2015-06-01T19:50:07.752Z", "object_repr": "Entr\u00e9e", "change_message": "", "object_id": "3", "action_flag": 1}, "model": "admin.logentry"}]