[{"model": "auth.permission", "fields": {"codename": "add_logentry", "name": "Can add log entry", "content_type": 13}, "pk": 37}, {"model": "auth.permission", "fields": {"codename": "change_logentry", "name": "Can change log entry", "content_type": 13}, "pk": 38}, {"model": "auth.permission", "fields": {"codename": "delete_logentry", "name": "Can delete log entry", "content_type": 13}, "pk": 39}, {"model": "auth.permission", "fields": {"codename": "add_permission", "name": "Can add permission", "content_type": 14}, "pk": 40}, {"model": "auth.permission", "fields": {"codename": "change_permission", "name": "Can change permission", "content_type": 14}, "pk": 41}, {"model": "auth.permission", "fields": {"codename": "delete_permission", "name": "Can delete permission", "content_type": 14}, "pk": 42}, {"model": "auth.permission", "fields": {"codename": "add_group", "name": "Can add group", "content_type": 15}, "pk": 43}, {"model": "auth.permission", "fields": {"codename": "change_group", "name": "Can change group", "content_type": 15}, "pk": 44}, {"model": "auth.permission", "fields": {"codename": "delete_group", "name": "Can delete group", "content_type": 15}, "pk": 45}, {"model": "auth.permission", "fields": {"codename": "add_user", "name": "Can add user", "content_type": 16}, "pk": 46}, {"model": "auth.permission", "fields": {"codename": "change_user", "name": "Can change user", "content_type": 16}, "pk": 47}, {"model": "auth.permission", "fields": {"codename": "delete_user", "name": "Can delete user", "content_type": 16}, "pk": 48}, {"model": "auth.permission", "fields": {"codename": "add_contenttype", "name": "Can add content type", "content_type": 17}, "pk": 49}, {"model": "auth.permission", "fields": {"codename": "change_contenttype", "name": "Can change content type", "content_type": 17}, "pk": 50}, {"model": "auth.permission", "fields": {"codename": "delete_contenttype", "name": "Can delete content type", "content_type": 17}, "pk": 51}, {"model": "auth.permission", "fields": {"codename": "add_session", "name": "Can add session", "content_type": 18}, "pk": 52}, {"model": "auth.permission", "fields": {"codename": "change_session", "name": "Can change session", "content_type": 18}, "pk": 53}, {"model": "auth.permission", "fields": {"codename": "delete_session", "name": "Can delete session", "content_type": 18}, "pk": 54}, {"model": "auth.permission", "fields": {"codename": "add_photo", "name": "Can add photo", "content_type": 19}, "pk": 55}, {"model": "auth.permission", "fields": {"codename": "change_photo", "name": "Can change photo", "content_type": 19}, "pk": 56}, {"model": "auth.permission", "fields": {"codename": "delete_photo", "name": "Can delete photo", "content_type": 19}, "pk": 57}, {"model": "auth.permission", "fields": {"codename": "add_ingredient", "name": "Can add ingredient", "content_type": 20}, "pk": 58}, {"model": "auth.permission", "fields": {"codename": "change_ingredient", "name": "Can change ingredient", "content_type": 20}, "pk": 59}, {"model": "auth.permission", "fields": {"codename": "delete_ingredient", "name": "Can delete ingredient", "content_type": 20}, "pk": 60}, {"model": "auth.permission", "fields": {"codename": "add_etape", "name": "Can add etape", "content_type": 21}, "pk": 61}, {"model": "auth.permission", "fields": {"codename": "change_etape", "name": "Can change etape", "content_type": 21}, "pk": 62}, {"model": "auth.permission", "fields": {"codename": "delete_etape", "name": "Can delete etape", "content_type": 21}, "pk": 63}, {"model": "auth.permission", "fields": {"codename": "add_recette", "name": "Can add recette", "content_type": 22}, "pk": 64}, {"model": "auth.permission", "fields": {"codename": "change_recette", "name": "Can change recette", "content_type": 22}, "pk": 65}, {"model": "auth.permission", "fields": {"codename": "delete_recette", "name": "Can delete recette", "content_type": 22}, "pk": 66}, {"model": "auth.permission", "fields": {"codename": "add_note", "name": "Can add note", "content_type": 23}, "pk": 67}, {"model": "auth.permission", "fields": {"codename": "change_note", "name": "Can change note", "content_type": 23}, "pk": 68}, {"model": "auth.permission", "fields": {"codename": "delete_note", "name": "Can delete note", "content_type": 23}, "pk": 69}, {"model": "auth.permission", "fields": {"codename": "add_commentaire", "name": "Can add commentaire", "content_type": 24}, "pk": 70}, {"model": "auth.permission", "fields": {"codename": "change_commentaire", "name": "Can change commentaire", "content_type": 24}, "pk": 71}, {"model": "auth.permission", "fields": {"codename": "delete_commentaire", "name": "Can delete commentaire", "content_type": 24}, "pk": 72}, {"model": "auth.permission", "fields": {"codename": "add_type", "name": "Can add type", "content_type": 25}, "pk": 73}, {"model": "auth.permission", "fields": {"codename": "change_type", "name": "Can change type", "content_type": 25}, "pk": 74}, {"model": "auth.permission", "fields": {"codename": "delete_type", "name": "Can delete type", "content_type": 25}, "pk": 75}, {"model": "auth.permission", "fields": {"codename": "add_difficulte", "name": "Can add difficulte", "content_type": 26}, "pk": 76}, {"model": "auth.permission", "fields": {"codename": "change_difficulte", "name": "Can change difficulte", "content_type": 26}, "pk": 77}, {"model": "auth.permission", "fields": {"codename": "delete_difficulte", "name": "Can delete difficulte", "content_type": 26}, "pk": 78}, {"model": "auth.user", "fields": {"is_active": true, "email": "", "groups": [], "is_superuser": true, "username": "admin", "is_staff": true, "last_login": "2015-05-27T08:07:53.904Z", "last_name": "", "first_name": "", "password": "pbkdf2_sha256$15000$I8FHYJs2Cq5B$2QZh6s4UPd/nTELaLPFmli8oCgGTdlIT8D4O8EoHdBo=", "date_joined": "2015-05-27T08:06:44.745Z", "user_permissions": []}, "pk": 3}, {"model": "auth.user", "fields": {"is_active": true, "email": "tim@pandabouf.com", "groups": [], "is_superuser": true, "username": "Tim", "is_staff": true, "last_login": "2015-06-01T18:32:01Z", "last_name": "Herlaud", "first_name": "Tim", "password": "pbkdf2_sha256$15000$SbCNzZ4b7I7K$6StLOc/jYbPDST0gAo1C4NYD8JbisG4+Plcfw1EhmYk=", "date_joined": "2015-06-01T18:32:01Z", "user_permissions": [37, 38, 39, 43, 44, 45, 40, 41, 42, 46, 47, 48, 49, 50, 51, 70, 71, 72, 76, 77, 78, 61, 62, 63, 58, 59, 60, 67, 68, 69, 55, 56, 57, 64, 65, 66, 73, 74, 75, 52, 53, 54]}, "pk": 4}, {"model": "auth.user", "fields": {"is_active": true, "email": "stephen@pandabouf.com", "groups": [], "is_superuser": true, "username": "Stephen", "is_staff": true, "last_login": "2015-06-01T18:32:58Z", "last_name": "Valentin", "first_name": "Stephen", "password": "pbkdf2_sha256$15000$l4gLXSdrobn1$jEKvlhvoAzzmlDLb7Ikgq1XCQZZq0Dp0+SVob4w5v6o=", "date_joined": "2015-06-01T18:32:58Z", "user_permissions": [37, 38, 39, 43, 44, 45, 40, 41, 42, 46, 47, 48, 49, 50, 51, 70, 71, 72, 76, 77, 78, 61, 62, 63, 58, 59, 60, 67, 68, 69, 55, 56, 57, 64, 65, 66, 73, 74, 75, 52, 53, 54]}, "pk": 5}, {"model": "auth.user", "fields": {"is_active": true, "email": "invite@pandabouff.fr", "groups": [], "is_superuser": false, "username": "invite", "is_staff": false, "last_login": "2015-06-01T18:33:54Z", "last_name": "invite", "first_name": "invite", "password": "pbkdf2_sha256$15000$YxZcRDIK5mSh$XJBZGCdynECugCd6BJuJRA3Rod/5exXr5Q0/a1EDnho=", "date_joined": "2015-06-01T18:33:54Z", "user_permissions": [67, 64]}, "pk": 6}, {"model": "sessions.session", "fields": {"expire_date": "2015-06-10T08:07:53.970Z", "session_data": "YTE4ZDg5MGE0Y2Y0MDU1ZWQ0YzJlNzU1ZjRmNjFjY2Q1ZmVhMjZiNDp7Il9hdXRoX3VzZXJfYmFja2VuZCI6ImRqYW5nby5jb250cmliLmF1dGguYmFja2VuZHMuTW9kZWxCYWNrZW5kIiwiX2F1dGhfdXNlcl9oYXNoIjoiNWY4OTEzYTcwMzE0MTc0YTU1YTNiZWNlNzE0MzliYjg5YTY5YjM5MCIsIl9hdXRoX3VzZXJfaWQiOjN9"}, "pk": "uyyeffscy3yifwvu7f4lon256865hmbg"}, {"model": "recette.photo", "fields": {"image": "photos_recettes/url.png", "recette": 2}, "pk": 1}, {"model": "recette.photo", "fields": {"image": "photos_recettes/url_S6BLdkz.png", "recette": 3}, "pk": 2}, {"model": "recette.photo", "fields": {"image": "photos_recettes/a860ca6e-8fbf-468e-abfa-2c1432a9bac2_normal.jpg", "recette": 4}, "pk": 3}, {"model": "recette.ingredient", "fields": {"quantite": "555", "recette": null, "nom": "lait"}, "pk": 1}, {"model": "recette.ingredient", "fields": {"quantite": "400g", "recette": 2, "nom": "farine"}, "pk": 2}, {"model": "recette.ingredient", "fields": {"quantite": "1/2 verre", "recette": 2, "nom": "eau ti\u00e8de"}, "pk": 3}, {"model": "recette.ingredient", "fields": {"quantite": "une pinc\u00e9e", "recette": 2, "nom": "sel"}, "pk": 4}, {"model": "recette.ingredient", "fields": {"quantite": "10", "recette": 3, "nom": "Steack"}, "pk": 5}, {"model": "recette.ingredient", "fields": {"quantite": "500g", "recette": 3, "nom": "Cheese"}, "pk": 6}, {"model": "recette.ingredient", "fields": {"quantite": "2", "recette": 3, "nom": "Pain"}, "pk": 7}, {"model": "recette.ingredient", "fields": {"quantite": "3", "recette": 4, "nom": "oeuf"}, "pk": 8}, {"model": "recette.ingredient", "fields": {"quantite": "200g", "recette": 4, "nom": "Mascarpone"}, "pk": 9}, {"model": "recette.ingredient", "fields": {"quantite": "150g", "recette": 4, "nom": "sucre"}, "pk": 10}, {"model": "recette.etape", "fields": {"recette": null, "detail": "vvc"}, "pk": 1}, {"model": "recette.etape", "fields": {"recette": null, "detail": "kojjojojoj"}, "pk": 2}, {"model": "recette.etape", "fields": {"recette": 2, "detail": "Pr\u00e9parer d'abord la p\u00e2te \u00e0 pizza :\r\n\r\nDans un saladier, m\u00e9langer la farine et le sel; creuser un petit puits, et verser le m\u00e9lange eau-levure pr\u00e9alablement d\u00e9lay\u00e9e."}, "pk": 3}, {"model": "recette.etape", "fields": {"recette": 2, "detail": "Pr\u00e9parer la garniture :\r\n\r\nDans une grand bol, d\u00e9layer la sauce tomate avec de l'eau et ajouter le sel, le poivre et le basilic. Couper la mozzarella en d\u00e9s grossiers et r\u00e9server."}, "pk": 4}, {"model": "recette.etape", "fields": {"recette": 2, "detail": "Verser une grosse louche de sauce tomate-basilic sur chaque et une bonne poign\u00e9e de mozzarella, puis placer le jaune d'oeuf. "}, "pk": 5}, {"model": "recette.etape", "fields": {"recette": 3, "detail": "Pr\u00e9parer la sauce cocktail"}, "pk": 6}, {"model": "recette.etape", "fields": {"recette": 3, "detail": "Faire cuire les steaks"}, "pk": 7}, {"model": "recette.etape", "fields": {"recette": 3, "detail": "Confectionner le tout"}, "pk": 8}, {"model": "recette.etape", "fields": {"recette": 4, "detail": "S\u00e9parer les blancs des jaunes. M\u00e9langer les jaunes + sucre + sucre vanill\u00e9. Ajouter le mascarpone au fouet.\r\n\r\nMonter les blancs en neige et les incorporer d\u00e9licatement \u00e0 la spatule au m\u00e9lange pr\u00e9c\u00e9dent.\r\n\r\nPr\u00e9parer du caf\u00e9 noir.\r\n\r\nMouiller les biscuits dans le caf\u00e9.\r\n\r\nTapisser le fond du moule avec les biscuits. Recouvrir d'une couche de cr\u00e8me, \u0153uf, sucre, mascarpone. Alterner biscuits et cr\u00e8me.\r\n\r\n"}, "pk": 9}, {"model": "recette.etape", "fields": {"recette": 4, "detail": "Terminer par une couche de cr\u00e8me. Saupoudrer de cacao.\r\n\r\n"}, "pk": 10}, {"model": "recette.etape", "fields": {"recette": 4, "detail": "Mettre au r\u00e9frig\u00e9rateur 4 heures minimum."}, "pk": 11}, {"model": "recette.type", "fields": {"label": "Plats", "title": "Plats", "detail": "Plats"}, "pk": 1}, {"model": "recette.type", "fields": {"label": "Desserts", "title": "Desserts", "detail": "Les Dessert & le fromage"}, "pk": 2}, {"model": "recette.type", "fields": {"label": "Entr\u00e9e", "title": "Entr\u00e9e", "detail": "Entr\u00e9e"}, "pk": 3}, {"model": "recette.difficulte", "fields": {"text": "Facile"}, "pk": 1}, {"model": "recette.difficulte", "fields": {"text": "Moyen"}, "pk": 2}, {"model": "recette.difficulte", "fields": {"text": "Difficile"}, "pk": 3}, {"model": "recette.recette", "fields": {"titre": "Pizza Chinckenita", "cout": 2.0, "user": 5, "temps_cuisson": 7, "temps_preparation": 15, "difficulte": 3, "type": 1, "temps_repos": 3}, "pk": 2}, {"model": "recette.recette", "fields": {"titre": "M\u00e9ga Cheese", "cout": 7.0, "user": 5, "temps_cuisson": 2, "temps_preparation": 15, "difficulte": 2, "type": 1, "temps_repos": 0}, "pk": 3}, {"model": "recette.recette", "fields": {"titre": "Tiramisu", "cout": 5.0, "user": 6, "temps_cuisson": 30, "temps_preparation": 60, "difficulte": 3, "type": 2, "temps_repos": 50}, "pk": 4}, {"model": "recette.note", "fields": {"note": 10, "user": 5, "recette": 2}, "pk": 1}, {"model": "recette.note", "fields": {"note": 9, "user": 4, "recette": 2}, "pk": 2}, {"model": "recette.note", "fields": {"note": 5, "user": 6, "recette": 2}, "pk": 3}, {"model": "recette.note", "fields": {"note": 9, "user": 3, "recette": 2}, "pk": 4}, {"model": "recette.commentaire", "fields": {"user": 4, "recette": 2, "message": "Tr\u00e8s bon !"}, "pk": 2}, {"model": "recette.commentaire", "fields": {"user": 6, "recette": 2, "message": "Super !"}, "pk": 3}, {"model": "admin.logentry", "fields": {"action_time": "2015-05-27T08:08:34.186Z", "object_repr": "Recette1", "user": 3, "object_id": "1", "action_flag": 1, "content_type": 22, "change_message": ""}, "pk": 17}, {"model": "admin.logentry", "fields": {"action_time": "2015-05-27T08:36:49.045Z", "object_repr": "Note object", "user": 3, "object_id": "1", "action_flag": 1, "content_type": 23, "change_message": ""}, "pk": 18}, {"model": "admin.logentry", "fields": {"action_time": "2015-05-27T08:42:45.426Z", "object_repr": "Commentaire object", "user": 3, "object_id": "1", "action_flag": 1, "content_type": 24, "change_message": ""}, "pk": 19}, {"model": "admin.logentry", "fields": {"action_time": "2015-05-27T08:50:59.036Z", "object_repr": "Note object", "user": 3, "object_id": "2", "action_flag": 1, "content_type": 23, "change_message": ""}, "pk": 20}, {"model": "admin.logentry", "fields": {"action_time": "2015-05-27T09:07:53.876Z", "object_repr": "Note object", "user": 3, "object_id": "2", "action_flag": 3, "content_type": 23, "change_message": ""}, "pk": 21}, {"model": "admin.logentry", "fields": {"action_time": "2015-05-27T09:07:54.064Z", "object_repr": "Note object", "user": 3, "object_id": "1", "action_flag": 3, "content_type": 23, "change_message": ""}, "pk": 22}, {"model": "admin.logentry", "fields": {"action_time": "2015-05-27T11:39:40.842Z", "object_repr": "Plats", "user": 3, "object_id": "1", "action_flag": 1, "content_type": 25, "change_message": ""}, "pk": 23}, {"model": "admin.logentry", "fields": {"action_time": "2015-06-01T18:29:30.113Z", "object_repr": "Commentaire object", "user": 3, "object_id": "1", "action_flag": 3, "content_type": 24, "change_message": ""}, "pk": 24}, {"model": "admin.logentry", "fields": {"action_time": "2015-06-01T18:29:45.438Z", "object_repr": "AAA", "user": 3, "object_id": "1", "action_flag": 3, "content_type": 22, "change_message": ""}, "pk": 25}, {"model": "admin.logentry", "fields": {"action_time": "2015-06-01T18:32:02.051Z", "object_repr": "Tim", "user": 3, "object_id": "4", "action_flag": 1, "content_type": 16, "change_message": ""}, "pk": 26}, {"model": "admin.logentry", "fields": {"action_time": "2015-06-01T18:32:45.428Z", "object_repr": "Tim", "user": 3, "object_id": "4", "action_flag": 2, "content_type": 16, "change_message": "Modifi\u00e9 first_name, last_name, email, is_staff, is_superuser et user_permissions."}, "pk": 27}, {"model": "admin.logentry", "fields": {"action_time": "2015-06-01T18:32:58.504Z", "object_repr": "Stephen", "user": 3, "object_id": "5", "action_flag": 1, "content_type": 16, "change_message": ""}, "pk": 28}, {"model": "admin.logentry", "fields": {"action_time": "2015-06-01T18:33:39.954Z", "object_repr": "Stephen", "user": 3, "object_id": "5", "action_flag": 2, "content_type": 16, "change_message": "Modifi\u00e9 first_name, last_name, email, is_staff, is_superuser et user_permissions."}, "pk": 29}, {"model": "admin.logentry", "fields": {"action_time": "2015-06-01T18:33:54.281Z", "object_repr": "invite", "user": 3, "object_id": "6", "action_flag": 1, "content_type": 16, "change_message": ""}, "pk": 30}, {"model": "admin.logentry", "fields": {"action_time": "2015-06-01T18:35:50.800Z", "object_repr": "invite", "user": 3, "object_id": "6", "action_flag": 2, "content_type": 16, "change_message": "Modifi\u00e9 first_name, last_name, email et user_permissions."}, "pk": 31}, {"model": "admin.logentry", "fields": {"action_time": "2015-06-01T19:13:58.600Z", "object_repr": "Desserts", "user": 3, "object_id": "2", "action_flag": 1, "content_type": 25, "change_message": ""}, "pk": 32}, {"model": "admin.logentry", "fields": {"action_time": "2015-06-01T19:27:34.392Z", "object_repr": "Facile", "user": 3, "object_id": "1", "action_flag": 1, "content_type": 26, "change_message": ""}, "pk": 33}, {"model": "admin.logentry", "fields": {"action_time": "2015-06-01T19:28:11.712Z", "object_repr": "Moyen", "user": 3, "object_id": "2", "action_flag": 1, "content_type": 26, "change_message": ""}, "pk": 34}, {"model": "admin.logentry", "fields": {"action_time": "2015-06-01T19:28:21.792Z", "object_repr": "Difficile", "user": 3, "object_id": "3", "action_flag": 1, "content_type": 26, "change_message": ""}, "pk": 35}, {"model": "admin.logentry", "fields": {"action_time": "2015-06-01T19:33:07.860Z", "object_repr": "Pizza Chinckenita", "user": 3, "object_id": "2", "action_flag": 1, "content_type": 22, "change_message": ""}, "pk": 36}, {"model": "admin.logentry", "fields": {"action_time": "2015-06-01T19:34:08.123Z", "object_repr": "Commentaire object", "user": 3, "object_id": "2", "action_flag": 1, "content_type": 24, "change_message": ""}, "pk": 37}, {"model": "admin.logentry", "fields": {"action_time": "2015-06-01T19:35:01.760Z", "object_repr": "Commentaire object", "user": 3, "object_id": "3", "action_flag": 1, "content_type": 24, "change_message": ""}, "pk": 38}, {"model": "admin.logentry", "fields": {"action_time": "2015-06-01T19:35:21.229Z", "object_repr": "10", "user": 3, "object_id": "1", "action_flag": 1, "content_type": 23, "change_message": ""}, "pk": 39}, {"model": "admin.logentry", "fields": {"action_time": "2015-06-01T19:35:31.293Z", "object_repr": "9", "user": 3, "object_id": "2", "action_flag": 1, "content_type": 23, "change_message": ""}, "pk": 40}, {"model": "admin.logentry", "fields": {"action_time": "2015-06-01T19:35:46.369Z", "object_repr": "5", "user": 3, "object_id": "3", "action_flag": 1, "content_type": 23, "change_message": ""}, "pk": 41}, {"model": "admin.logentry", "fields": {"action_time": "2015-06-01T19:37:05.215Z", "object_repr": "Plats", "user": 3, "object_id": "1", "action_flag": 2, "content_type": 25, "change_message": "Modifi\u00e9 label et detail."}, "pk": 42}, {"model": "admin.logentry", "fields": {"action_time": "2015-06-01T19:41:45.876Z", "object_repr": "M\u00e9ga Cheese", "user": 3, "object_id": "3", "action_flag": 1, "content_type": 22, "change_message": ""}, "pk": 43}, {"model": "admin.logentry", "fields": {"action_time": "2015-06-01T19:47:09.951Z", "object_repr": "Tiramisu", "user": 3, "object_id": "4", "action_flag": 1, "content_type": 22, "change_message": ""}, "pk": 44}, {"model": "admin.logentry", "fields": {"action_time": "2015-06-01T19:50:07.752Z", "object_repr": "Entr\u00e9e", "user": 3, "object_id": "3", "action_flag": 1, "content_type": 25, "change_message": ""}, "pk": 45}, {"model": "admin.logentry", "fields": {"action_time": "2015-06-01T20:02:18.511Z", "object_repr": "Tiramisu", "user": 3, "object_id": "4", "action_flag": 3, "content_type": 22, "change_message": ""}, "pk": 46}, {"model": "admin.logentry", "fields": {"action_time": "2015-06-01T20:02:18.616Z", "object_repr": "M\u00e9ga Cheese", "user": 3, "object_id": "3", "action_flag": 3, "content_type": 22, "change_message": ""}, "pk": 47}, {"model": "admin.logentry", "fields": {"action_time": "2015-06-01T20:02:18.697Z", "object_repr": "Pizza Chinckenita", "user": 3, "object_id": "2", "action_flag": 3, "content_type": 22, "change_message": ""}, "pk": 48}]