[{"model": "contenttypes.contenttype", "fields": {"app_label": "admin", "model": "logentry", "name": "log entry"}, "pk": 1}, {"model": "contenttypes.contenttype", "fields": {"app_label": "auth", "model": "permission", "name": "permission"}, "pk": 2}, {"model": "contenttypes.contenttype", "fields": {"app_label": "auth", "model": "group", "name": "group"}, "pk": 3}, {"model": "contenttypes.contenttype", "fields": {"app_label": "auth", "model": "user", "name": "user"}, "pk": 4}, {"model": "contenttypes.contenttype", "fields": {"app_label": "contenttypes", "model": "contenttype", "name": "content type"}, "pk": 5}, {"model": "contenttypes.contenttype", "fields": {"app_label": "sessions", "model": "session", "name": "session"}, "pk": 6}, {"model": "contenttypes.contenttype", "fields": {"app_label": "recette", "model": "photo", "name": "photo"}, "pk": 7}, {"model": "contenttypes.contenttype", "fields": {"app_label": "recette", "model": "ingredient", "name": "ingredient"}, "pk": 8}, {"model": "contenttypes.contenttype", "fields": {"app_label": "recette", "model": "etape", "name": "etape"}, "pk": 9}, {"model": "contenttypes.contenttype", "fields": {"app_label": "recette", "model": "type", "name": "type"}, "pk": 10}, {"model": "contenttypes.contenttype", "fields": {"app_label": "recette", "model": "difficulte", "name": "difficulte"}, "pk": 11}, {"model": "contenttypes.contenttype", "fields": {"app_label": "recette", "model": "recette", "name": "recette"}, "pk": 12}, {"model": "contenttypes.contenttype", "fields": {"app_label": "recette", "model": "note", "name": "note"}, "pk": 13}, {"model": "contenttypes.contenttype", "fields": {"app_label": "recette", "model": "commentaire", "name": "commentaire"}, "pk": 14}, {"model": "sessions.session", "fields": {"expire_date": "2015-06-17T17:52:06.349Z", "session_data": "Y2UwMjY1NmMwZmU5N2EwYTJkMmY2YzEyYzQ0YWJlMjgwZGFjMzk0Njp7Il9hdXRoX3VzZXJfYmFja2VuZCI6ImRqYW5nby5jb250cmliLmF1dGguYmFja2VuZHMuTW9kZWxCYWNrZW5kIiwiX2F1dGhfdXNlcl9pZCI6MSwiX2F1dGhfdXNlcl9oYXNoIjoiOTkyNzdmMjY4MTlmNTFmNzY4YTE4NzBkOTc1MTE2NGJhOTQ5MjdlMSJ9"}, "pk": "x257p27ttll1sb1g56ksv5moh959kaxs"}, {"model": "recette.photo", "fields": {"image": "photos_recettes/2.jpg", "recette": 1}, "pk": 1}, {"model": "recette.photo", "fields": {"image": "photos_recettes/url_kPPaBpw.png", "recette": 2}, "pk": 2}, {"model": "recette.photo", "fields": {"image": "photos_recettes/a860ca6e-8fbf-468e-abfa-2c1432a9bac2_normal_6chJntA.jpg", "recette": 3}, "pk": 3}, {"model": "recette.photo", "fields": {"image": "photos_recettes/url.jpg", "recette": 4}, "pk": 4}, {"model": "recette.ingredient", "fields": {"nom": "Farine", "quantite": "500g", "recette": 1}, "pk": 1}, {"model": "recette.ingredient", "fields": {"nom": "eau ti\u00e8de", "quantite": "1/2 verre", "recette": 1}, "pk": 2}, {"model": "recette.ingredient", "fields": {"nom": "Poulet", "quantite": "500g", "recette": 1}, "pk": 3}, {"model": "recette.ingredient", "fields": {"nom": "Galettes m\u00e9xicaines", "quantite": "5", "recette": 2}, "pk": 4}, {"model": "recette.ingredient", "fields": {"nom": "Steak", "quantite": "5", "recette": 2}, "pk": 5}, {"model": "recette.ingredient", "fields": {"nom": "sauce", "quantite": "Illimit\u00e9", "recette": 2}, "pk": 6}, {"model": "recette.ingredient", "fields": {"nom": "Mascarpone", "quantite": "200g", "recette": 3}, "pk": 7}, {"model": "recette.ingredient", "fields": {"nom": "sucre", "quantite": "100g", "recette": 3}, "pk": 8}, {"model": "recette.ingredient", "fields": {"nom": "caf\u00e9", "quantite": "300cl", "recette": 3}, "pk": 9}, {"model": "recette.ingredient", "fields": {"nom": "Galettes m\u00e9xicaines", "quantite": "5", "recette": 4}, "pk": 10}, {"model": "recette.ingredient", "fields": {"nom": "Poulet ", "quantite": "300g", "recette": 4}, "pk": 11}, {"model": "recette.ingredient", "fields": {"nom": "Poulet ", "quantite": "300g", "recette": null}, "pk": 12}, {"model": "recette.etape", "fields": {"detail": "Pr\u00e9parer la p\u00e2te", "recette": 1}, "pk": 1}, {"model": "recette.etape", "fields": {"detail": "M\u00e9langer les ingredients", "recette": 1}, "pk": 2}, {"model": "recette.etape", "fields": {"detail": "Faire cuire", "recette": 1}, "pk": 3}, {"model": "recette.etape", "fields": {"detail": "Pr\u00e9parer sauce cocktail", "recette": 2}, "pk": 4}, {"model": "recette.etape", "fields": {"detail": "faire griller le pain", "recette": 2}, "pk": 5}, {"model": "recette.etape", "fields": {"detail": "Cuire les steak", "recette": 2}, "pk": 6}, {"model": "recette.etape", "fields": {"detail": "r\u00e9chauffer au mirco ondes 60secondes", "recette": 2}, "pk": 7}, {"model": "recette.etape", "fields": {"detail": "trempez la moiti\u00e9 des biscuits dans le m\u00e9lange caf\u00e9-rhum disposez les au fond d'un plat rectangulaire ", "recette": 3}, "pk": 8}, {"model": "recette.etape", "fields": {"detail": "versez les jaunes d'oeufs dans une terrine et m\u00e9langez les jusqu'a ce que ces oeufs deviennent jaune cr\u00e8me y ajouter le sucre et la mascarpone ", "recette": 3}, "pk": 9}, {"model": "recette.etape", "fields": {"detail": "dans une autre terrine battez les blancs d'oeufs en neige et les incorporer d\u00e9licatement au m\u00e9lange pr\u00e9c\u00e9dent. ", "recette": 3}, "pk": 10}, {"model": "recette.type", "fields": {"detail": "Les Entr\u00e9es et ap\u00e9ritifs", "title": "Entr\u00e9e", "label": "Entr\u00e9e"}, "pk": 4}, {"model": "recette.type", "fields": {"detail": "Plats", "title": "Plats", "label": "Plats"}, "pk": 5}, {"model": "recette.type", "fields": {"detail": "Desserts", "title": "Desserts", "label": "Desserts"}, "pk": 6}, {"model": "recette.difficulte", "fields": {"text": "Facile"}, "pk": 1}, {"model": "recette.difficulte", "fields": {"text": "Moyen"}, "pk": 2}, {"model": "recette.difficulte", "fields": {"text": "Difficile"}, "pk": 3}, {"model": "auth.permission", "fields": {"content_type": ["admin", "logentry"], "codename": "add_logentry", "name": "Can add log entry"}, "pk": 1}, {"model": "auth.permission", "fields": {"content_type": ["admin", "logentry"], "codename": "change_logentry", "name": "Can change log entry"}, "pk": 2}, {"model": "auth.permission", "fields": {"content_type": ["admin", "logentry"], "codename": "delete_logentry", "name": "Can delete log entry"}, "pk": 3}, {"model": "auth.permission", "fields": {"content_type": ["auth", "permission"], "codename": "add_permission", "name": "Can add permission"}, "pk": 4}, {"model": "auth.permission", "fields": {"content_type": ["auth", "permission"], "codename": "change_permission", "name": "Can change permission"}, "pk": 5}, {"model": "auth.permission", "fields": {"content_type": ["auth", "permission"], "codename": "delete_permission", "name": "Can delete permission"}, "pk": 6}, {"model": "auth.permission", "fields": {"content_type": ["auth", "group"], "codename": "add_group", "name": "Can add group"}, "pk": 7}, {"model": "auth.permission", "fields": {"content_type": ["auth", "group"], "codename": "change_group", "name": "Can change group"}, "pk": 8}, {"model": "auth.permission", "fields": {"content_type": ["auth", "group"], "codename": "delete_group", "name": "Can delete group"}, "pk": 9}, {"model": "auth.permission", "fields": {"content_type": ["auth", "user"], "codename": "add_user", "name": "Can add user"}, "pk": 10}, {"model": "auth.permission", "fields": {"content_type": ["auth", "user"], "codename": "change_user", "name": "Can change user"}, "pk": 11}, {"model": "auth.permission", "fields": {"content_type": ["auth", "user"], "codename": "delete_user", "name": "Can delete user"}, "pk": 12}, {"model": "auth.permission", "fields": {"content_type": ["contenttypes", "contenttype"], "codename": "add_contenttype", "name": "Can add content type"}, "pk": 13}, {"model": "auth.permission", "fields": {"content_type": ["contenttypes", "contenttype"], "codename": "change_contenttype", "name": "Can change content type"}, "pk": 14}, {"model": "auth.permission", "fields": {"content_type": ["contenttypes", "contenttype"], "codename": "delete_contenttype", "name": "Can delete content type"}, "pk": 15}, {"model": "auth.permission", "fields": {"content_type": ["sessions", "session"], "codename": "add_session", "name": "Can add session"}, "pk": 16}, {"model": "auth.permission", "fields": {"content_type": ["sessions", "session"], "codename": "change_session", "name": "Can change session"}, "pk": 17}, {"model": "auth.permission", "fields": {"content_type": ["sessions", "session"], "codename": "delete_session", "name": "Can delete session"}, "pk": 18}, {"model": "auth.permission", "fields": {"content_type": ["recette", "photo"], "codename": "add_photo", "name": "Can add photo"}, "pk": 19}, {"model": "auth.permission", "fields": {"content_type": ["recette", "photo"], "codename": "change_photo", "name": "Can change photo"}, "pk": 20}, {"model": "auth.permission", "fields": {"content_type": ["recette", "photo"], "codename": "delete_photo", "name": "Can delete photo"}, "pk": 21}, {"model": "auth.permission", "fields": {"content_type": ["recette", "ingredient"], "codename": "add_ingredient", "name": "Can add ingredient"}, "pk": 22}, {"model": "auth.permission", "fields": {"content_type": ["recette", "ingredient"], "codename": "change_ingredient", "name": "Can change ingredient"}, "pk": 23}, {"model": "auth.permission", "fields": {"content_type": ["recette", "ingredient"], "codename": "delete_ingredient", "name": "Can delete ingredient"}, "pk": 24}, {"model": "auth.permission", "fields": {"content_type": ["recette", "etape"], "codename": "add_etape", "name": "Can add etape"}, "pk": 25}, {"model": "auth.permission", "fields": {"content_type": ["recette", "etape"], "codename": "change_etape", "name": "Can change etape"}, "pk": 26}, {"model": "auth.permission", "fields": {"content_type": ["recette", "etape"], "codename": "delete_etape", "name": "Can delete etape"}, "pk": 27}, {"model": "auth.permission", "fields": {"content_type": ["recette", "type"], "codename": "add_type", "name": "Can add type"}, "pk": 28}, {"model": "auth.permission", "fields": {"content_type": ["recette", "type"], "codename": "change_type", "name": "Can change type"}, "pk": 29}, {"model": "auth.permission", "fields": {"content_type": ["recette", "type"], "codename": "delete_type", "name": "Can delete type"}, "pk": 30}, {"model": "auth.permission", "fields": {"content_type": ["recette", "difficulte"], "codename": "add_difficulte", "name": "Can add difficulte"}, "pk": 31}, {"model": "auth.permission", "fields": {"content_type": ["recette", "difficulte"], "codename": "change_difficulte", "name": "Can change difficulte"}, "pk": 32}, {"model": "auth.permission", "fields": {"content_type": ["recette", "difficulte"], "codename": "delete_difficulte", "name": "Can delete difficulte"}, "pk": 33}, {"model": "auth.permission", "fields": {"content_type": ["recette", "recette"], "codename": "add_recette", "name": "Can add recette"}, "pk": 34}, {"model": "auth.permission", "fields": {"content_type": ["recette", "recette"], "codename": "change_recette", "name": "Can change recette"}, "pk": 35}, {"model": "auth.permission", "fields": {"content_type": ["recette", "recette"], "codename": "delete_recette", "name": "Can delete recette"}, "pk": 36}, {"model": "auth.permission", "fields": {"content_type": ["recette", "note"], "codename": "add_note", "name": "Can add note"}, "pk": 37}, {"model": "auth.permission", "fields": {"content_type": ["recette", "note"], "codename": "change_note", "name": "Can change note"}, "pk": 38}, {"model": "auth.permission", "fields": {"content_type": ["recette", "note"], "codename": "delete_note", "name": "Can delete note"}, "pk": 39}, {"model": "auth.permission", "fields": {"content_type": ["recette", "commentaire"], "codename": "add_commentaire", "name": "Can add commentaire"}, "pk": 40}, {"model": "auth.permission", "fields": {"content_type": ["recette", "commentaire"], "codename": "change_commentaire", "name": "Can change commentaire"}, "pk": 41}, {"model": "auth.permission", "fields": {"content_type": ["recette", "commentaire"], "codename": "delete_commentaire", "name": "Can delete commentaire"}, "pk": 42}, {"model": "auth.user", "fields": {"date_joined": "2015-06-03T17:50:43.609Z", "is_active": true, "first_name": "", "last_name": "", "username": "admin", "is_staff": true, "user_permissions": [], "is_superuser": true, "groups": [], "password": "pbkdf2_sha256$15000$MFIfDDkWOZ39$ZNMf05kpB3sau7Nf4xaN7Pg2NjZgwFxWVPkx3s+Z/JI=", "last_login": "2015-06-03T17:52:06.274Z", "email": "admin@pandabouf.fr"}, "pk": 1}, {"model": "auth.user", "fields": {"date_joined": "2015-06-03T18:22:15Z", "is_active": true, "first_name": "Stephen", "last_name": "V", "username": "Stephen", "is_staff": false, "user_permissions": [], "is_superuser": false, "groups": [], "password": "pbkdf2_sha256$15000$TaepJnWn8wOK$i1f5P3UvrNVjFyCSUVHowo6mew09KZJrh98/Q+APu98=", "last_login": "2015-06-03T18:22:15Z", "email": "stephen.v@pandabouf.fr"}, "pk": 2}, {"model": "auth.user", "fields": {"date_joined": "2015-06-03T18:23:04Z", "is_active": true, "first_name": "Tim", "last_name": "H", "username": "Tim", "is_staff": false, "user_permissions": [], "is_superuser": false, "groups": [], "password": "pbkdf2_sha256$15000$kuBCi3TEenNB$CuYz9NhAA0ZisTkyyfrAwikNWpxXHDCiGFrhZuwsU/k=", "last_login": "2015-06-03T18:23:04Z", "email": "tim.h@pandabouff.fr"}, "pk": 3}, {"model": "recette.recette", "fields": {"difficulte": 2, "type": 5, "temps_cuisson": 7, "cout": 5.0, "temps_preparation": 15, "temps_repos": 5, "titre": "Pizza Chinckenita", "user": ["admin"]}, "pk": 1}, {"model": "recette.recette", "fields": {"difficulte": 1, "type": 5, "temps_cuisson": 5, "cout": 4.0, "temps_preparation": 30, "temps_repos": 0, "titre": "M\u00e9ga Cheese", "user": ["admin"]}, "pk": 2}, {"model": "recette.recette", "fields": {"difficulte": 1, "type": 6, "temps_cuisson": 30, "cout": 3.0, "temps_preparation": 60, "temps_repos": 50, "titre": "Tiramissu", "user": ["admin"]}, "pk": 3}, {"model": "recette.recette", "fields": {"difficulte": 1, "type": 4, "temps_cuisson": 5, "cout": 4.0, "temps_preparation": 15, "temps_repos": 0, "titre": "Enchilladas", "user": ["admin"]}, "pk": 4}, {"model": "recette.note", "fields": {"note": 5, "recette": 1, "user": ["Tim"]}, "pk": 1}, {"model": "recette.note", "fields": {"note": 9, "recette": 1, "user": ["Stephen"]}, "pk": 2}, {"model": "recette.note", "fields": {"note": 9, "recette": 2, "user": ["Tim"]}, "pk": 3}, {"model": "recette.note", "fields": {"note": 8, "recette": 2, "user": ["Stephen"]}, "pk": 4}, {"model": "recette.note", "fields": {"note": 1, "recette": 3, "user": ["Tim"]}, "pk": 5}, {"model": "recette.commentaire", "fields": {"message": "Super recette !", "created_at": "2015-06-03T18:23:45.082Z", "recette": 1, "user": ["Tim"]}, "pk": 1}, {"model": "recette.commentaire", "fields": {"message": "Tr\u00e8s bon !", "created_at": "2015-06-03T18:24:05.196Z", "recette": 2, "user": ["Stephen"]}, "pk": 2}, {"model": "admin.logentry", "fields": {"object_id": "1", "action_flag": 1, "object_repr": "Facile", "content_type": ["recette", "type"], "change_message": "", "action_time": "2015-06-03T17:52:37.597Z", "user": ["admin"]}, "pk": 1}, {"model": "admin.logentry", "fields": {"object_id": "2", "action_flag": 1, "object_repr": "Moyen", "content_type": ["recette", "type"], "change_message": "", "action_time": "2015-06-03T17:55:24.227Z", "user": ["admin"]}, "pk": 2}, {"model": "admin.logentry", "fields": {"object_id": "3", "action_flag": 1, "object_repr": "Difficile", "content_type": ["recette", "type"], "change_message": "", "action_time": "2015-06-03T17:55:40.766Z", "user": ["admin"]}, "pk": 3}, {"model": "admin.logentry", "fields": {"object_id": "1", "action_flag": 1, "object_repr": "Facile", "content_type": ["recette", "difficulte"], "change_message": "", "action_time": "2015-06-03T17:56:16.363Z", "user": ["admin"]}, "pk": 4}, {"model": "admin.logentry", "fields": {"object_id": "2", "action_flag": 1, "object_repr": "Moyen", "content_type": ["recette", "difficulte"], "change_message": "", "action_time": "2015-06-03T17:56:26.279Z", "user": ["admin"]}, "pk": 5}, {"model": "admin.logentry", "fields": {"object_id": "3", "action_flag": 1, "object_repr": "Difficile", "content_type": ["recette", "difficulte"], "change_message": "", "action_time": "2015-06-03T17:56:32.384Z", "user": ["admin"]}, "pk": 6}, {"model": "admin.logentry", "fields": {"object_id": "3", "action_flag": 3, "object_repr": "Difficile", "content_type": ["recette", "type"], "change_message": "", "action_time": "2015-06-03T17:56:51.126Z", "user": ["admin"]}, "pk": 7}, {"model": "admin.logentry", "fields": {"object_id": "2", "action_flag": 3, "object_repr": "Moyen", "content_type": ["recette", "type"], "change_message": "", "action_time": "2015-06-03T17:56:51.218Z", "user": ["admin"]}, "pk": 8}, {"model": "admin.logentry", "fields": {"object_id": "1", "action_flag": 3, "object_repr": "Facile", "content_type": ["recette", "type"], "change_message": "", "action_time": "2015-06-03T17:56:51.319Z", "user": ["admin"]}, "pk": 9}, {"model": "admin.logentry", "fields": {"object_id": "4", "action_flag": 1, "object_repr": "Entr\u00e9e", "content_type": ["recette", "type"], "change_message": "", "action_time": "2015-06-03T17:57:26.104Z", "user": ["admin"]}, "pk": 10}, {"model": "admin.logentry", "fields": {"object_id": "5", "action_flag": 1, "object_repr": "Plats", "content_type": ["recette", "type"], "change_message": "", "action_time": "2015-06-03T17:57:44.194Z", "user": ["admin"]}, "pk": 11}, {"model": "admin.logentry", "fields": {"object_id": "6", "action_flag": 1, "object_repr": "Desserts", "content_type": ["recette", "type"], "change_message": "", "action_time": "2015-06-03T17:58:05.434Z", "user": ["admin"]}, "pk": 12}, {"model": "admin.logentry", "fields": {"object_id": "1", "action_flag": 1, "object_repr": "Pizza Chinckenita", "content_type": ["recette", "recette"], "change_message": "", "action_time": "2015-06-03T18:03:15.886Z", "user": ["admin"]}, "pk": 13}, {"model": "admin.logentry", "fields": {"object_id": "2", "action_flag": 1, "object_repr": "M\u00e9ga Cheese", "content_type": ["recette", "recette"], "change_message": "", "action_time": "2015-06-03T18:05:54.855Z", "user": ["admin"]}, "pk": 14}, {"model": "admin.logentry", "fields": {"object_id": "3", "action_flag": 1, "object_repr": "Tiramissu", "content_type": ["recette", "recette"], "change_message": "", "action_time": "2015-06-03T18:08:46.935Z", "user": ["admin"]}, "pk": 15}, {"model": "admin.logentry", "fields": {"object_id": "2", "action_flag": 1, "object_repr": "Stephen", "content_type": ["auth", "user"], "change_message": "", "action_time": "2015-06-03T18:22:15.523Z", "user": ["admin"]}, "pk": 16}, {"model": "admin.logentry", "fields": {"object_id": "2", "action_flag": 2, "object_repr": "Stephen", "content_type": ["auth", "user"], "change_message": "Modifi\u00e9 first_name, last_name et email.", "action_time": "2015-06-03T18:22:50.205Z", "user": ["admin"]}, "pk": 17}, {"model": "admin.logentry", "fields": {"object_id": "3", "action_flag": 1, "object_repr": "Tim", "content_type": ["auth", "user"], "change_message": "", "action_time": "2015-06-03T18:23:04.202Z", "user": ["admin"]}, "pk": 18}, {"model": "admin.logentry", "fields": {"object_id": "3", "action_flag": 2, "object_repr": "Tim", "content_type": ["auth", "user"], "change_message": "Modifi\u00e9 first_name, last_name et email.", "action_time": "2015-06-03T18:23:24.997Z", "user": ["admin"]}, "pk": 19}, {"model": "admin.logentry", "fields": {"object_id": "1", "action_flag": 1, "object_repr": "Commentaire object", "content_type": ["recette", "commentaire"], "change_message": "", "action_time": "2015-06-03T18:23:45.084Z", "user": ["admin"]}, "pk": 20}, {"model": "admin.logentry", "fields": {"object_id": "2", "action_flag": 1, "object_repr": "Commentaire object", "content_type": ["recette", "commentaire"], "change_message": "", "action_time": "2015-06-03T18:24:05.198Z", "user": ["admin"]}, "pk": 21}, {"model": "admin.logentry", "fields": {"object_id": "1", "action_flag": 1, "object_repr": "5", "content_type": ["recette", "note"], "change_message": "", "action_time": "2015-06-03T18:24:26.250Z", "user": ["admin"]}, "pk": 22}, {"model": "admin.logentry", "fields": {"object_id": "2", "action_flag": 1, "object_repr": "9", "content_type": ["recette", "note"], "change_message": "", "action_time": "2015-06-03T18:24:40.644Z", "user": ["admin"]}, "pk": 23}, {"model": "admin.logentry", "fields": {"object_id": "3", "action_flag": 1, "object_repr": "9", "content_type": ["recette", "note"], "change_message": "", "action_time": "2015-06-03T18:24:54.284Z", "user": ["admin"]}, "pk": 24}, {"model": "admin.logentry", "fields": {"object_id": "4", "action_flag": 1, "object_repr": "8", "content_type": ["recette", "note"], "change_message": "", "action_time": "2015-06-03T18:25:14.399Z", "user": ["admin"]}, "pk": 25}, {"model": "admin.logentry", "fields": {"object_id": "5", "action_flag": 1, "object_repr": "1", "content_type": ["recette", "note"], "change_message": "", "action_time": "2015-06-03T18:25:29.679Z", "user": ["admin"]}, "pk": 26}]