[{"fields": {"app_label": "admin", "name": "log entry", "model": "logentry"}, "pk": 239, "model": "contenttypes.contenttype"}, {"fields": {"app_label": "auth", "name": "permission", "model": "permission"}, "pk": 240, "model": "contenttypes.contenttype"}, {"fields": {"app_label": "auth", "name": "group", "model": "group"}, "pk": 241, "model": "contenttypes.contenttype"}, {"fields": {"app_label": "auth", "name": "user", "model": "user"}, "pk": 242, "model": "contenttypes.contenttype"}, {"fields": {"app_label": "contenttypes", "name": "content type", "model": "contenttype"}, "pk": 243, "model": "contenttypes.contenttype"}, {"fields": {"app_label": "sessions", "name": "session", "model": "session"}, "pk": 244, "model": "contenttypes.contenttype"}, {"fields": {"app_label": "recette", "name": "photo", "model": "photo"}, "pk": 245, "model": "contenttypes.contenttype"}, {"fields": {"app_label": "recette", "name": "ingredient", "model": "ingredient"}, "pk": 246, "model": "contenttypes.contenttype"}, {"fields": {"app_label": "recette", "name": "etape", "model": "etape"}, "pk": 247, "model": "contenttypes.contenttype"}, {"fields": {"app_label": "recette", "name": "type", "model": "type"}, "pk": 248, "model": "contenttypes.contenttype"}, {"fields": {"app_label": "recette", "name": "difficulte", "model": "difficulte"}, "pk": 249, "model": "contenttypes.contenttype"}, {"fields": {"app_label": "recette", "name": "recette", "model": "recette"}, "pk": 250, "model": "contenttypes.contenttype"}, {"fields": {"app_label": "recette", "name": "note", "model": "note"}, "pk": 251, "model": "contenttypes.contenttype"}, {"fields": {"app_label": "recette", "name": "commentaire", "model": "commentaire"}, "pk": 252, "model": "contenttypes.contenttype"}, {"fields": {"session_data": "YmUyNjdhZWVjMGI5NDQzOTRlYzNkMmUxYjFhNjc4NzRjNmE1MDg1NTp7Il9hdXRoX3VzZXJfYmFja2VuZCI6ImRqYW5nby5jb250cmliLmF1dGguYmFja2VuZHMuTW9kZWxCYWNrZW5kIiwiX2F1dGhfdXNlcl9oYXNoIjoiMmMyMTc4MmVmZmU2ZGI3ODE4Y2VlMDJjMTEzODE1ZGIyYTkwMTBmZiIsIl9hdXRoX3VzZXJfaWQiOjE4fQ==", "expire_date": "2015-06-18T18:37:48.380Z"}, "pk": "6u7jcrbcvwj4guhjrkcsy6eshcp39emc", "model": "sessions.session"}, {"fields": {"session_data": "OTMzYTc3NDY4NjUzZDkyYzE2NmQ5MmZmYWJjODc4Mzg4MDBkNGFjMjp7Il9hdXRoX3VzZXJfaWQiOjE5LCJfYXV0aF91c2VyX2JhY2tlbmQiOiJkamFuZ28uY29udHJpYi5hdXRoLmJhY2tlbmRzLk1vZGVsQmFja2VuZCIsIl9hdXRoX3VzZXJfaGFzaCI6IjkyYmE2MDczOGYyOTlhZjExODM4MGI2MzM0ZWMyNGMwNmFhZDc3MjMifQ==", "expire_date": "2015-06-17T22:20:10.867Z"}, "pk": "ab0g449q7akuwz02yco35dhyeuatexm2", "model": "sessions.session"}, {"fields": {"session_data": "YzBhODM5ZDcwMTA0NWRkNDAzNThkOWY2YTg2YzZlNmQxZGM4MjIxNjp7Il9hdXRoX3VzZXJfaGFzaCI6IjJjMjE3ODJlZmZlNmRiNzgxOGNlZTAyYzExMzgxNWRiMmE5MDEwZmYiLCJfYXV0aF91c2VyX2JhY2tlbmQiOiJkamFuZ28uY29udHJpYi5hdXRoLmJhY2tlbmRzLk1vZGVsQmFja2VuZCIsIl9hdXRoX3VzZXJfaWQiOjE4fQ==", "expire_date": "2015-06-21T19:52:00.638Z"}, "pk": "bppm0ldli783od7klb200qb92yl5o9i2", "model": "sessions.session"}, {"fields": {"recette": 8, "image": "photos_recettes/lasagne-1_1QO7Xa6.jpg"}, "pk": 14, "model": "recette.photo"}, {"fields": {"recette": 8, "image": "photos_recettes/lasagne-2_FlUdsYe.jpg"}, "pk": 15, "model": "recette.photo"}, {"fields": {"recette": 9, "image": "photos_recettes/url_JTsSkL1.png"}, "pk": 16, "model": "recette.photo"}, {"fields": {"recette": 10, "image": "photos_recettes/a860ca6e-8fbf-468e-abfa-2c1432a9bac2_normal_Ek1DODJ.jpg"}, "pk": 17, "model": "recette.photo"}, {"fields": {"recette": 11, "image": "photos_recettes/url_mfjQo9Z.jpg"}, "pk": 18, "model": "recette.photo"}, {"fields": {"recette": 16, "image": "photos_recettes/tarte-citron.png"}, "pk": 19, "model": "recette.photo"}, {"fields": {"recette": 16, "image": "photos_recettes/tarte-citron-2.jpg"}, "pk": 20, "model": "recette.photo"}, {"fields": {"recette": 16, "image": "photos_recettes/tarte-citron\u00e83.jpg"}, "pk": 21, "model": "recette.photo"}, {"fields": {"recette": 17, "image": "photos_recettes/tartiflette-1.jpg"}, "pk": 22, "model": "recette.photo"}, {"fields": {"recette": 17, "image": "photos_recettes/tartiflette-2.jpg"}, "pk": 23, "model": "recette.photo"}, {"fields": {"recette": 17, "image": "photos_recettes/tartiflette-3.jpg"}, "pk": 24, "model": "recette.photo"}, {"fields": {"recette": 18, "image": "photos_recettes/Quesadillas-1.jpg"}, "pk": 25, "model": "recette.photo"}, {"fields": {"recette": 18, "image": "photos_recettes/quesadillas.jpg"}, "pk": 26, "model": "recette.photo"}, {"fields": {"recette": 18, "image": "photos_recettes/Quesadilla-3.jpg"}, "pk": 27, "model": "recette.photo"}, {"fields": {"recette": 19, "image": "photos_recettes/coquille-st-jacques-1.jpg"}, "pk": 28, "model": "recette.photo"}, {"fields": {"recette": 19, "image": "photos_recettes/coquille-st-jacques.jpg"}, "pk": 29, "model": "recette.photo"}, {"fields": {"recette": 19, "image": "photos_recettes/coquille_st_jacques-3.jpg"}, "pk": 30, "model": "recette.photo"}, {"fields": {"recette": 20, "image": "photos_recettes/risotto-milanais-a-l-ancienne_4044189.jpg"}, "pk": 31, "model": "recette.photo"}, {"fields": {"recette": 20, "image": "photos_recettes/risotto-g-martin.jpg"}, "pk": 32, "model": "recette.photo"}, {"fields": {"recette": 20, "image": "photos_recettes/risotto_jpg.jpg"}, "pk": 33, "model": "recette.photo"}, {"fields": {"recette": 21, "image": "photos_recettes/brownies-petit.jpg"}, "pk": 34, "model": "recette.photo"}, {"fields": {"recette": 21, "image": "photos_recettes/Brownies.jpg"}, "pk": 35, "model": "recette.photo"}, {"fields": {"recette": 21, "image": "photos_recettes/Brownies-Recipe-2.jpg"}, "pk": 36, "model": "recette.photo"}, {"fields": {"recette": 22, "image": "photos_recettes/quiche-lorraine-007.jpg"}, "pk": 37, "model": "recette.photo"}, {"fields": {"recette": 22, "image": "photos_recettes/quiche-1.jpg"}, "pk": 38, "model": "recette.photo"}, {"fields": {"recette": 22, "image": "photos_recettes/quiche.jpg"}, "pk": 39, "model": "recette.photo"}, {"fields": {"nom": "paquet de p\u00e2te \u00e0 lasagnes", "recette": 8, "quantite": "1/2 paquet"}, "pk": 22, "model": "recette.ingredient"}, {"fields": {"nom": "oignon", "recette": 8, "quantite": "1"}, "pk": 23, "model": "recette.ingredient"}, {"fields": {"nom": "bo\u00eete de tomates en d\u00e9s", "recette": 8, "quantite": "1"}, "pk": 24, "model": "recette.ingredient"}, {"fields": {"nom": "steak", "recette": 9, "quantite": "6"}, "pk": 25, "model": "recette.ingredient"}, {"fields": {"nom": "Cheese", "recette": 9, "quantite": "500g"}, "pk": 26, "model": "recette.ingredient"}, {"fields": {"nom": "Pain", "recette": 9, "quantite": "2"}, "pk": 27, "model": "recette.ingredient"}, {"fields": {"nom": "Mascarpone", "recette": 10, "quantite": "200g"}, "pk": 28, "model": "recette.ingredient"}, {"fields": {"nom": "sucre", "recette": 10, "quantite": "300g"}, "pk": 29, "model": "recette.ingredient"}, {"fields": {"nom": "Poulet", "recette": 11, "quantite": "500g"}, "pk": 30, "model": "recette.ingredient"}, {"fields": {"nom": "Galettes", "recette": 11, "quantite": "10"}, "pk": 31, "model": "recette.ingredient"}, {"fields": {"nom": "Farine", "recette": 16, "quantite": "250 g"}, "pk": 32, "model": "recette.ingredient"}, {"fields": {"nom": "Beurre", "recette": 16, "quantite": "125 g"}, "pk": 33, "model": "recette.ingredient"}, {"fields": {"nom": "Sucre", "recette": 16, "quantite": "70 g"}, "pk": 34, "model": "recette.ingredient"}, {"fields": {"nom": "lardons fum\u00e9s", "recette": 17, "quantite": "200 g"}, "pk": 35, "model": "recette.ingredient"}, {"fields": {"nom": "oignons \u00e9minc\u00e9s", "recette": 17, "quantite": "200 g"}, "pk": 36, "model": "recette.ingredient"}, {"fields": {"nom": "Pommes de terre", "recette": 17, "quantite": "1 kg"}, "pk": 37, "model": "recette.ingredient"}, {"fields": {"nom": "fromage de ch\u00e8vre frais", "recette": 18, "quantite": "100 g"}, "pk": 38, "model": "recette.ingredient"}, {"fields": {"nom": "cheddar", "recette": 18, "quantite": "100 g"}, "pk": 39, "model": "recette.ingredient"}, {"fields": {"nom": "beurre mou", "recette": 18, "quantite": "50 g"}, "pk": 40, "model": "recette.ingredient"}, {"fields": {"nom": "vin blanc", "recette": 19, "quantite": "25 cl"}, "pk": 41, "model": "recette.ingredient"}, {"fields": {"nom": "crevettes surgel\u00e9es ", "recette": 19, "quantite": "150 g"}, "pk": 42, "model": "recette.ingredient"}, {"fields": {"nom": "noix de St-Jacques surgel\u00e9es", "recette": 19, "quantite": "400 g"}, "pk": 43, "model": "recette.ingredient"}, {"fields": {"nom": "riz \u00e0 risotto", "recette": 20, "quantite": "250 g"}, "pk": 44, "model": "recette.ingredient"}, {"fields": {"nom": "vin blanc sec", "recette": 20, "quantite": "1 verre"}, "pk": 45, "model": "recette.ingredient"}, {"fields": {"nom": "oignon hach\u00e9", "recette": 20, "quantite": "30 g"}, "pk": 46, "model": "recette.ingredient"}, {"fields": {"nom": "chocolat p\u00e2tissier", "recette": 21, "quantite": "250 g"}, "pk": 47, "model": "recette.ingredient"}, {"fields": {"nom": "sucre", "recette": 21, "quantite": "150 g"}, "pk": 48, "model": "recette.ingredient"}, {"fields": {"nom": "farine", "recette": 21, "quantite": "50 g"}, "pk": 49, "model": "recette.ingredient"}, {"fields": {"nom": "cr\u00e8me fra\u00eeche", "recette": 22, "quantite": "20 cl"}, "pk": 50, "model": "recette.ingredient"}, {"fields": {"nom": "lait", "recette": 22, "quantite": "20 cl"}, "pk": 51, "model": "recette.ingredient"}, {"fields": {"nom": "p\u00e2te bris\u00e9e", "recette": 22, "quantite": "200 g"}, "pk": 52, "model": "recette.ingredient"}, {"fields": {"detail": "Laver et hacher finement l'oignon, la carotte et la branche de c\u00e9leri (en ayant pris soin d'en retirer les feuilles que l'on r\u00e9serve pour plus tard).", "recette": 8}, "pk": 22, "model": "recette.etape"}, {"fields": {"detail": "Dans une marmite ou une cocotte, verser un fond d'huile d'olive et y ajouter la moiti\u00e9 du m\u00e9lange pr\u00e9alablement pr\u00e9par\u00e9, puis y ajouter toute la tomate.", "recette": 8}, "pk": 23, "model": "recette.etape"}, {"fields": {"detail": "Ajouter ensuite un bouquet constitu\u00e9 des feuilles de c\u00e9leri et de deux branches de basilic enti\u00e8res, bouquet que l'on retirera en fin de cuisson de la sauce", "recette": 8}, "pk": 24, "model": "recette.etape"}, {"fields": {"detail": "Cuire les steak", "recette": 9}, "pk": 25, "model": "recette.etape"}, {"fields": {"detail": "Pr\u00e9parer la sauce", "recette": 9}, "pk": 26, "model": "recette.etape"}, {"fields": {"detail": "Faire Griller le pain", "recette": 9}, "pk": 27, "model": "recette.etape"}, {"fields": {"detail": "M\u00e9langer le mascarpone", "recette": 10}, "pk": 28, "model": "recette.etape"}, {"fields": {"detail": "M\u00e9langer au sucre", "recette": 10}, "pk": 29, "model": "recette.etape"}, {"fields": {"detail": "Cuire le poulet ", "recette": 11}, "pk": 30, "model": "recette.etape"}, {"fields": {"detail": "Pr\u00e9parer les galettes", "recette": 11}, "pk": 31, "model": "recette.etape"}, {"fields": {"detail": "Blanchir les jaunes et le sucre au fouet et d\u00e9tendre le m\u00e9lange avec un peu d'eau. ", "recette": 16}, "pk": 32, "model": "recette.etape"}, {"fields": {"detail": "M\u00e9langer au doigt la farine et le beurre coup\u00e9 en petites parcelles pour obtenir une consistance sableuse et que tout le beurre soit absorb\u00e9 (!!! Il faut faire vite pour que le m\u00e9lange ne ramollisse pas trop!). ", "recette": 16}, "pk": 33, "model": "recette.etape"}, {"fields": {"detail": "Incoporer au couteau les \u00e9l\u00e9ments rapidement sans leur donner de corps. ", "recette": 16}, "pk": 34, "model": "recette.etape"}, {"fields": {"detail": "Eplucher les pommes de terre, les couper en d\u00e9s, bien les rincer, et les essuyer dans un torchon propre.\r\n", "recette": 17}, "pk": 35, "model": "recette.etape"}, {"fields": {"detail": "Faire chauffer l'huile dans une po\u00eale, pour y faire fondre les oignons; rajouter ensuite les pommes de terre. ", "recette": 17}, "pk": 36, "model": "recette.etape"}, {"fields": {"detail": "Faire dorer tous les c\u00f4t\u00e9s des d\u00e9s de pommes de terre, rajouter les lardons, et finir de cuire. ", "recette": 17}, "pk": 37, "model": "recette.etape"}, {"fields": {"detail": "Pr\u00e9chauffer le four \u00e0 200\u00b0C ( Th 6 ). ", "recette": 18}, "pk": 38, "model": "recette.etape"}, {"fields": {"detail": "M\u00e9langer les fromages r\u00e2p\u00e9s ou coup\u00e9s en petits d\u00e9s, la tomate coup\u00e9e en petits d\u00e9s, les oignons, les jalapenos et les \u00e9pices, et \u00e9ventuellement le lard. ", "recette": 18}, "pk": 39, "model": "recette.etape"}, {"fields": {"detail": "Beurrer une face de chaque tortilla. Farcir du m\u00e9lange la moiti\u00e9 de la face non beurr\u00e9e, bien \u00e9taler. Replier l'autre moiti\u00e9. ", "recette": 18}, "pk": 40, "model": "recette.etape"}, {"fields": {"detail": "Eplucher et \u00e9mincer l'oignon en petits d\u00e9s, et les faire revenir dans une sauteuse, avec le beurre. ", "recette": 19}, "pk": 41, "model": "recette.etape"}, {"fields": {"detail": "Laisser encore prendre la chaleur quelques minutes. Et noyer le tout dans le vin blanc, puis porter \u00e0 petite \u00e9bullition pendant 15 min.", "recette": 19}, "pk": 42, "model": "recette.etape"}, {"fields": {"detail": "Pr\u00e9lever 15 cl de jus de cuisson des coquilles, le verser dans le bol, et m\u00e9langer bien le tout. ", "recette": 19}, "pk": 43, "model": "recette.etape"}, {"fields": {"detail": "Faire revenir les oignons dans l'huile en les faisant juste blondir, ajoutez le riz, et remuez bien. ", "recette": 20}, "pk": 44, "model": "recette.etape"}, {"fields": {"detail": "Quand le riz est translucide, ajoutez du bouillon de volaille et du verre de vin blanc, de fa\u00e7on \u00e0 juste couvrir le riz.\r\n", "recette": 20}, "pk": 45, "model": "recette.etape"}, {"fields": {"detail": "Ajoutez le safran. ", "recette": 20}, "pk": 46, "model": "recette.etape"}, {"fields": {"detail": "Faites fondre le chocolat cass\u00e9 en morceaux avec le beurre. ", "recette": 21}, "pk": 47, "model": "recette.etape"}, {"fields": {"detail": "Pendant ce temps, battez les oeufs avec le sucre jusqu'\u00e0 ce que le m\u00e9lange blanchisse. ", "recette": 21}, "pk": 48, "model": "recette.etape"}, {"fields": {"detail": "Ajoutez la farine, le sucre vanill\u00e9, et ajoutez le chocolat. ", "recette": 21}, "pk": 49, "model": "recette.etape"}, {"fields": {"detail": "Etaler la p\u00e2te dans un moule, piquer \u00e0 la fourchette.", "recette": 22}, "pk": 50, "model": "recette.etape"}, {"fields": {"detail": "Faire rissoler les lardons \u00e0 la po\u00eale puis les r\u00e9partir sur le fond de p\u00e2te.", "recette": 22}, "pk": 51, "model": "recette.etape"}, {"fields": {"detail": "Parsemer de copeaux de beurre.", "recette": 22}, "pk": 52, "model": "recette.etape"}, {"fields": {"title": "plat", "detail": "Je suis la description de la cat\u00e9gorie plat. Je suis la description de la cat\u00e9gorie plat. Je suis la description de la cat\u00e9gorie plat. Je suis la description de la cat\u00e9gorie plat. Je suis la description de la cat\u00e9gorie plat. Je suis la description de la cat\u00e9gorie plat. Je suis la description de la cat\u00e9gorie plat. Je suis la description de la cat\u00e9gorie plat. ", "label": "Les plats"}, "pk": 1, "model": "recette.type"}, {"fields": {"title": "dessert", "detail": "Je suis la descriptions des desserts. Je suis la descriptions des desserts. Je suis la descriptions des desserts. Je suis la descriptions des desserts. Je suis la descriptions des desserts. Je suis la descriptions des desserts. Je suis la descriptions des desserts. Je suis la descriptions des desserts. Je suis la descriptions des desserts. ", "label": "Les desserts"}, "pk": 2, "model": "recette.type"}, {"fields": {"title": "apero", "detail": "Je suis la description de la cat\u00e9gorie apero. Je suis la description de la cat\u00e9gorie apero. Je suis la description de la cat\u00e9gorie apero. Je suis la description de la cat\u00e9gorie apero. Je suis la description de la cat\u00e9gorie apero. Je suis la description de la cat\u00e9gorie apero. Je suis la description de la cat\u00e9gorie apero. Je suis la description de la cat\u00e9gorie apero. Je suis la description de la cat\u00e9gorie apero. Je suis la description de la cat\u00e9gorie apero. Je suis la description de la cat\u00e9gorie apero. ", "label": "L'ap\u00e9ro ! "}, "pk": 3, "model": "recette.type"}, {"fields": {"title": "entr\u00e9es", "detail": "Je suis la description de la cat\u00e9gorie entr\u00e9es. Je suis la description de la cat\u00e9gorie entr\u00e9es. Je suis la description de la cat\u00e9gorie entr\u00e9es. Je suis la description de la cat\u00e9gorie entr\u00e9es. Je suis la description de la cat\u00e9gorie entr\u00e9es. Je suis la description de la cat\u00e9gorie entr\u00e9es. Je suis la description de la cat\u00e9gorie entr\u00e9es. Je suis la description de la cat\u00e9gorie entr\u00e9es. Je suis la description de la cat\u00e9gorie entr\u00e9es. ", "label": "Les entr\u00e9es"}, "pk": 4, "model": "recette.type"}, {"fields": {"text": "Tr\u00e9s facile"}, "pk": 1, "model": "recette.difficulte"}, {"fields": {"text": "Facile"}, "pk": 2, "model": "recette.difficulte"}, {"fields": {"text": "Moyen"}, "pk": 3, "model": "recette.difficulte"}, {"fields": {"text": "Difficile"}, "pk": 4, "model": "recette.difficulte"}, {"fields": {"text": "Tr\u00e9s difficile"}, "pk": 5, "model": "recette.difficulte"}, {"fields": {"name": "Can add log entry", "codename": "add_logentry", "content_type": ["admin", "logentry"]}, "pk": 715, "model": "auth.permission"}, {"fields": {"name": "Can change log entry", "codename": "change_logentry", "content_type": ["admin", "logentry"]}, "pk": 716, "model": "auth.permission"}, {"fields": {"name": "Can delete log entry", "codename": "delete_logentry", "content_type": ["admin", "logentry"]}, "pk": 717, "model": "auth.permission"}, {"fields": {"name": "Can add permission", "codename": "add_permission", "content_type": ["auth", "permission"]}, "pk": 718, "model": "auth.permission"}, {"fields": {"name": "Can change permission", "codename": "change_permission", "content_type": ["auth", "permission"]}, "pk": 719, "model": "auth.permission"}, {"fields": {"name": "Can delete permission", "codename": "delete_permission", "content_type": ["auth", "permission"]}, "pk": 720, "model": "auth.permission"}, {"fields": {"name": "Can add group", "codename": "add_group", "content_type": ["auth", "group"]}, "pk": 721, "model": "auth.permission"}, {"fields": {"name": "Can change group", "codename": "change_group", "content_type": ["auth", "group"]}, "pk": 722, "model": "auth.permission"}, {"fields": {"name": "Can delete group", "codename": "delete_group", "content_type": ["auth", "group"]}, "pk": 723, "model": "auth.permission"}, {"fields": {"name": "Can add user", "codename": "add_user", "content_type": ["auth", "user"]}, "pk": 724, "model": "auth.permission"}, {"fields": {"name": "Can change user", "codename": "change_user", "content_type": ["auth", "user"]}, "pk": 725, "model": "auth.permission"}, {"fields": {"name": "Can delete user", "codename": "delete_user", "content_type": ["auth", "user"]}, "pk": 726, "model": "auth.permission"}, {"fields": {"name": "Can add content type", "codename": "add_contenttype", "content_type": ["contenttypes", "contenttype"]}, "pk": 727, "model": "auth.permission"}, {"fields": {"name": "Can change content type", "codename": "change_contenttype", "content_type": ["contenttypes", "contenttype"]}, "pk": 728, "model": "auth.permission"}, {"fields": {"name": "Can delete content type", "codename": "delete_contenttype", "content_type": ["contenttypes", "contenttype"]}, "pk": 729, "model": "auth.permission"}, {"fields": {"name": "Can add session", "codename": "add_session", "content_type": ["sessions", "session"]}, "pk": 730, "model": "auth.permission"}, {"fields": {"name": "Can change session", "codename": "change_session", "content_type": ["sessions", "session"]}, "pk": 731, "model": "auth.permission"}, {"fields": {"name": "Can delete session", "codename": "delete_session", "content_type": ["sessions", "session"]}, "pk": 732, "model": "auth.permission"}, {"fields": {"name": "Can add photo", "codename": "add_photo", "content_type": ["recette", "photo"]}, "pk": 733, "model": "auth.permission"}, {"fields": {"name": "Can change photo", "codename": "change_photo", "content_type": ["recette", "photo"]}, "pk": 734, "model": "auth.permission"}, {"fields": {"name": "Can delete photo", "codename": "delete_photo", "content_type": ["recette", "photo"]}, "pk": 735, "model": "auth.permission"}, {"fields": {"name": "Can add ingredient", "codename": "add_ingredient", "content_type": ["recette", "ingredient"]}, "pk": 736, "model": "auth.permission"}, {"fields": {"name": "Can change ingredient", "codename": "change_ingredient", "content_type": ["recette", "ingredient"]}, "pk": 737, "model": "auth.permission"}, {"fields": {"name": "Can delete ingredient", "codename": "delete_ingredient", "content_type": ["recette", "ingredient"]}, "pk": 738, "model": "auth.permission"}, {"fields": {"name": "Can add etape", "codename": "add_etape", "content_type": ["recette", "etape"]}, "pk": 739, "model": "auth.permission"}, {"fields": {"name": "Can change etape", "codename": "change_etape", "content_type": ["recette", "etape"]}, "pk": 740, "model": "auth.permission"}, {"fields": {"name": "Can delete etape", "codename": "delete_etape", "content_type": ["recette", "etape"]}, "pk": 741, "model": "auth.permission"}, {"fields": {"name": "Can add type", "codename": "add_type", "content_type": ["recette", "type"]}, "pk": 742, "model": "auth.permission"}, {"fields": {"name": "Can change type", "codename": "change_type", "content_type": ["recette", "type"]}, "pk": 743, "model": "auth.permission"}, {"fields": {"name": "Can delete type", "codename": "delete_type", "content_type": ["recette", "type"]}, "pk": 744, "model": "auth.permission"}, {"fields": {"name": "Can add difficulte", "codename": "add_difficulte", "content_type": ["recette", "difficulte"]}, "pk": 745, "model": "auth.permission"}, {"fields": {"name": "Can change difficulte", "codename": "change_difficulte", "content_type": ["recette", "difficulte"]}, "pk": 746, "model": "auth.permission"}, {"fields": {"name": "Can delete difficulte", "codename": "delete_difficulte", "content_type": ["recette", "difficulte"]}, "pk": 747, "model": "auth.permission"}, {"fields": {"name": "Can add recette", "codename": "add_recette", "content_type": ["recette", "recette"]}, "pk": 748, "model": "auth.permission"}, {"fields": {"name": "Can change recette", "codename": "change_recette", "content_type": ["recette", "recette"]}, "pk": 749, "model": "auth.permission"}, {"fields": {"name": "Can delete recette", "codename": "delete_recette", "content_type": ["recette", "recette"]}, "pk": 750, "model": "auth.permission"}, {"fields": {"name": "Can add note", "codename": "add_note", "content_type": ["recette", "note"]}, "pk": 751, "model": "auth.permission"}, {"fields": {"name": "Can change note", "codename": "change_note", "content_type": ["recette", "note"]}, "pk": 752, "model": "auth.permission"}, {"fields": {"name": "Can delete note", "codename": "delete_note", "content_type": ["recette", "note"]}, "pk": 753, "model": "auth.permission"}, {"fields": {"name": "Can add commentaire", "codename": "add_commentaire", "content_type": ["recette", "commentaire"]}, "pk": 754, "model": "auth.permission"}, {"fields": {"name": "Can change commentaire", "codename": "change_commentaire", "content_type": ["recette", "commentaire"]}, "pk": 755, "model": "auth.permission"}, {"fields": {"name": "Can delete commentaire", "codename": "delete_commentaire", "content_type": ["recette", "commentaire"]}, "pk": 756, "model": "auth.permission"}, {"fields": {"is_superuser": true, "is_staff": true, "last_name": "Valentin", "last_login": "2015-06-07T19:52:00.629Z", "username": "valentin", "groups": [], "is_active": true, "email": "", "password": "pbkdf2_sha256$15000$XK0Rvv8pRRM4$s8RHYxbsbG+fyzfYPGd4NAXpgBlHg0+6rnEtYhweQm0=", "user_permissions": [], "date_joined": "2015-06-03T22:14:13Z", "first_name": "Stephen "}, "pk": 18, "model": "auth.user"}, {"fields": {"is_superuser": false, "is_staff": false, "last_name": "Carter", "last_login": "2015-06-07T19:33:53.544Z", "username": "john", "groups": [], "is_active": true, "email": "john@yopmail.com", "password": "pbkdf2_sha256$15000$trnLwk4T2Gq0$BWE+2klAdDTpj/bziIMVYbi86Kkyx7efPEeZLZWzwTg=", "user_permissions": [], "date_joined": "2015-06-03T22:20:06.902Z", "first_name": "John"}, "pk": 19, "model": "auth.user"}, {"fields": {"is_superuser": true, "is_staff": false, "last_name": "admin", "last_login": "2015-06-04T18:28:41.328Z", "username": "admin", "groups": [], "is_active": true, "email": "admin@pandabouf.fr", "password": "pbkdf2_sha256$15000$HHVkBV4g0mJQ$chPw6vwlwv7iBo2TB0EE8nItHVbuz/Iu00RJ8AJ7BaM=", "user_permissions": [], "date_joined": "2015-06-04T17:40:19Z", "first_name": "admin"}, "pk": 20, "model": "auth.user"}, {"fields": {"is_superuser": true, "is_staff": true, "last_name": "h", "last_login": "2015-06-04T18:29:03.395Z", "username": "tim", "groups": [], "is_active": true, "email": "tim.h@pandabouff.fr", "password": "pbkdf2_sha256$15000$aDXHzQP6vljv$lgTExK8N/BI49YPNoyaUhgoXyrddNBi/9BRnGeSFUvo=", "user_permissions": [["add_logentry", "admin", "logentry"], ["change_logentry", "admin", "logentry"], ["delete_logentry", "admin", "logentry"], ["add_group", "auth", "group"], ["change_group", "auth", "group"], ["delete_group", "auth", "group"], ["add_permission", "auth", "permission"], ["change_permission", "auth", "permission"], ["delete_permission", "auth", "permission"], ["add_user", "auth", "user"], ["change_user", "auth", "user"], ["delete_user", "auth", "user"], ["add_contenttype", "contenttypes", "contenttype"], ["change_contenttype", "contenttypes", "contenttype"], ["delete_contenttype", "contenttypes", "contenttype"], ["add_commentaire", "recette", "commentaire"], ["change_commentaire", "recette", "commentaire"], ["delete_commentaire", "recette", "commentaire"], ["add_difficulte", "recette", "difficulte"], ["change_difficulte", "recette", "difficulte"], ["delete_difficulte", "recette", "difficulte"], ["add_etape", "recette", "etape"], ["change_etape", "recette", "etape"], ["delete_etape", "recette", "etape"], ["add_ingredient", "recette", "ingredient"], ["change_ingredient", "recette", "ingredient"], ["delete_ingredient", "recette", "ingredient"], ["add_note", "recette", "note"], ["change_note", "recette", "note"], ["delete_note", "recette", "note"], ["add_photo", "recette", "photo"], ["change_photo", "recette", "photo"], ["delete_photo", "recette", "photo"], ["add_recette", "recette", "recette"], ["change_recette", "recette", "recette"], ["delete_recette", "recette", "recette"], ["add_type", "recette", "type"], ["change_type", "recette", "type"], ["delete_type", "recette", "type"], ["add_session", "sessions", "session"], ["change_session", "sessions", "session"], ["delete_session", "sessions", "session"]], "date_joined": "2015-06-04T17:42:50Z", "first_name": "tim"}, "pk": 21, "model": "auth.user"}, {"fields": {"is_superuser": false, "is_staff": false, "last_name": "Tchoups", "last_login": "2015-06-05T19:59:43.932Z", "username": "lucy", "groups": [], "is_active": true, "email": "lucy@lucy.com", "password": "pbkdf2_sha256$15000$E46oc9Lmel14$VjCvRd+9QaVSvTJcKxwwnoV4A/9rBboVCr8QaWVPxtE=", "user_permissions": [], "date_joined": "2015-06-05T19:59:39.495Z", "first_name": "Lucy"}, "pk": 22, "model": "auth.user"}, {"fields": {"is_superuser": false, "is_staff": false, "last_name": "Durand", "last_login": "2015-06-05T20:21:30.481Z", "username": "david", "groups": [], "is_active": true, "email": "david@david.com", "password": "pbkdf2_sha256$15000$cxqL39HkPM5o$MIJdoUpS7t7d0mCuYXpQtUuSODfYQkS/6jThKBUjvOI=", "user_permissions": [], "date_joined": "2015-06-05T20:14:25.998Z", "first_name": "David"}, "pk": 23, "model": "auth.user"}, {"fields": {"is_superuser": false, "is_staff": false, "last_name": "Merci", "last_login": "2015-06-05T20:34:16.704Z", "username": "jeanmichel", "groups": [], "is_active": true, "email": "jean@michel.com", "password": "pbkdf2_sha256$15000$uwouCd8AHRXQ$w90YQ9wFh+SuVQemZd/kol15Wqmz3jdLcnjqTJtJjTQ=", "user_permissions": [], "date_joined": "2015-06-05T20:34:07.145Z", "first_name": "Jean-michel"}, "pk": 24, "model": "auth.user"}, {"fields": {"difficulte": 3, "temps_cuisson": 20, "type": 1, "cout": 5.0, "temps_repos": 10, "user": ["tim"], "titre": "Lasagnes", "temps_preparation": 20}, "pk": 8, "model": "recette.recette"}, {"fields": {"difficulte": 2, "temps_cuisson": 2, "type": 1, "cout": 5.0, "temps_repos": 0, "user": ["john"], "titre": "Burger G\u00e9ant", "temps_preparation": 15}, "pk": 9, "model": "recette.recette"}, {"fields": {"difficulte": 4, "temps_cuisson": 60, "type": 2, "cout": 8.0, "temps_repos": 20, "user": ["valentin"], "titre": "Tiramisu", "temps_preparation": 30}, "pk": 10, "model": "recette.recette"}, {"fields": {"difficulte": 2, "temps_cuisson": 2, "type": 4, "cout": 7.0, "temps_repos": 0, "user": ["valentin"], "titre": "Enchilladas", "temps_preparation": 10}, "pk": 11, "model": "recette.recette"}, {"fields": {"difficulte": 1, "temps_cuisson": 25, "type": 2, "cout": 10.0, "temps_repos": 40, "user": ["lucy"], "titre": "Tarte au citron meringu\u00e9e", "temps_preparation": 30}, "pk": 16, "model": "recette.recette"}, {"fields": {"difficulte": 2, "temps_cuisson": 60, "type": 1, "cout": 16.0, "temps_repos": 0, "user": ["lucy"], "titre": "Tartiflette", "temps_preparation": 15}, "pk": 17, "model": "recette.recette"}, {"fields": {"difficulte": 1, "temps_cuisson": 10, "type": 3, "cout": 7.0, "temps_repos": 0, "user": ["david"], "titre": "Quesadillas", "temps_preparation": 20}, "pk": 18, "model": "recette.recette"}, {"fields": {"difficulte": 4, "temps_cuisson": 15, "type": 4, "cout": 30.0, "temps_repos": 0, "user": ["david"], "titre": "Coquilles st-jacques", "temps_preparation": 20}, "pk": 19, "model": "recette.recette"}, {"fields": {"difficulte": 3, "temps_cuisson": 30, "type": 1, "cout": 22.0, "temps_repos": 2, "user": ["jeanmichel"], "titre": "Risotto Milanais", "temps_preparation": 30}, "pk": 20, "model": "recette.recette"}, {"fields": {"difficulte": 2, "temps_cuisson": 15, "type": 2, "cout": 10.0, "temps_repos": 20, "user": ["jeanmichel"], "titre": "Brownies", "temps_preparation": 10}, "pk": 21, "model": "recette.recette"}, {"fields": {"difficulte": 1, "temps_cuisson": 45, "type": 1, "cout": 30.0, "temps_repos": 0, "user": ["john"], "titre": "Quiche lorraine", "temps_preparation": 15}, "pk": 22, "model": "recette.recette"}, {"fields": {"note": 9, "user": ["tim"], "recette": 9}, "pk": 1, "model": "recette.note"}, {"fields": {"note": 4, "user": ["tim"], "recette": 11}, "pk": 2, "model": "recette.note"}, {"fields": {"note": 4, "user": ["tim"], "recette": 8}, "pk": 3, "model": "recette.note"}, {"fields": {"note": 3, "user": ["tim"], "recette": 10}, "pk": 4, "model": "recette.note"}, {"fields": {"note": 8, "user": ["valentin"], "recette": 8}, "pk": 5, "model": "recette.note"}, {"fields": {"note": 8, "user": ["valentin"], "recette": 11}, "pk": 6, "model": "recette.note"}, {"fields": {"note": 10, "user": ["david"], "recette": 8}, "pk": 7, "model": "recette.note"}, {"fields": {"note": 9, "user": ["david"], "recette": 17}, "pk": 8, "model": "recette.note"}, {"fields": {"created_at": "2015-06-04T18:25:15.822Z", "user": ["tim"], "recette": 9, "message": "A tester !"}, "pk": 1, "model": "recette.commentaire"}, {"fields": {"created_at": "2015-06-04T18:25:54.674Z", "user": ["tim"], "recette": 10, "message": "Super !"}, "pk": 2, "model": "recette.commentaire"}, {"fields": {"created_at": "2015-06-04T18:27:29.659Z", "user": ["valentin"], "recette": 8, "message": "Je recommande"}, "pk": 3, "model": "recette.commentaire"}, {"fields": {"created_at": "2015-06-04T18:27:51.006Z", "user": ["valentin"], "recette": 9, "message": "Tr\u00e8s bon !"}, "pk": 4, "model": "recette.commentaire"}, {"fields": {"created_at": "2015-06-05T20:22:07.072Z", "user": ["david"], "recette": 8, "message": "Un r\u00e9gale !"}, "pk": 5, "model": "recette.commentaire"}, {"fields": {"created_at": "2015-06-05T20:33:26.451Z", "user": ["david"], "recette": 17, "message": "Ma famille a ador\u00e9 !"}, "pk": 6, "model": "recette.commentaire"}, {"fields": {"object_repr": "tim", "action_flag": 1, "change_message": "", "action_time": "2015-06-04T17:40:20.137Z", "object_id": "20", "content_type": ["auth", "user"], "user": ["valentin"]}, "pk": 2, "model": "admin.logentry"}, {"fields": {"object_repr": "admin", "action_flag": 2, "change_message": "Modifi\u00e9 username, first_name, last_name, email et is_superuser.", "action_time": "2015-06-04T17:42:25.966Z", "object_id": "20", "content_type": ["auth", "user"], "user": ["valentin"]}, "pk": 3, "model": "admin.logentry"}, {"fields": {"object_repr": "Tim", "action_flag": 1, "change_message": "", "action_time": "2015-06-04T17:42:50.741Z", "object_id": "21", "content_type": ["auth", "user"], "user": ["valentin"]}, "pk": 4, "model": "admin.logentry"}, {"fields": {"object_repr": "Tim", "action_flag": 2, "change_message": "Modifi\u00e9 first_name, last_name, email et is_superuser.", "action_time": "2015-06-04T17:43:21.953Z", "object_id": "21", "content_type": ["auth", "user"], "user": ["valentin"]}, "pk": 5, "model": "admin.logentry"}, {"fields": {"object_repr": "Burger G\u00e9ant", "action_flag": 1, "change_message": "", "action_time": "2015-06-04T18:14:21.054Z", "object_id": "9", "content_type": ["recette", "recette"], "user": ["valentin"]}, "pk": 6, "model": "admin.logentry"}, {"fields": {"object_repr": "aa", "action_flag": 1, "change_message": "", "action_time": "2015-06-04T18:14:56.121Z", "object_id": "5", "content_type": ["recette", "type"], "user": ["valentin"]}, "pk": 7, "model": "admin.logentry"}, {"fields": {"object_repr": "aa", "action_flag": 3, "change_message": "", "action_time": "2015-06-04T18:15:09.938Z", "object_id": "5", "content_type": ["recette", "type"], "user": ["valentin"]}, "pk": 8, "model": "admin.logentry"}, {"fields": {"object_repr": "tim", "action_flag": 2, "change_message": "Modifi\u00e9 username, first_name, is_staff et user_permissions.", "action_time": "2015-06-04T18:17:33.666Z", "object_id": "21", "content_type": ["auth", "user"], "user": ["valentin"]}, "pk": 9, "model": "admin.logentry"}, {"fields": {"object_repr": "tim", "action_flag": 2, "change_message": "Modifi\u00e9 password.", "action_time": "2015-06-04T18:17:46.476Z", "object_id": "21", "content_type": ["auth", "user"], "user": ["valentin"]}, "pk": 10, "model": "admin.logentry"}, {"fields": {"object_repr": "admin", "action_flag": 2, "change_message": "Modifi\u00e9 password.", "action_time": "2015-06-04T18:18:19.304Z", "object_id": "20", "content_type": ["auth", "user"], "user": ["tim"]}, "pk": 11, "model": "admin.logentry"}, {"fields": {"object_repr": "Tirammisu", "action_flag": 1, "change_message": "", "action_time": "2015-06-04T18:19:30.795Z", "object_id": "10", "content_type": ["recette", "recette"], "user": ["tim"]}, "pk": 12, "model": "admin.logentry"}, {"fields": {"object_repr": "Enchilladas", "action_flag": 1, "change_message": "", "action_time": "2015-06-04T18:23:14.687Z", "object_id": "11", "content_type": ["recette", "recette"], "user": ["tim"]}, "pk": 13, "model": "admin.logentry"}, {"fields": {"object_repr": "Lasagnes", "action_flag": 2, "change_message": "Modifi\u00e9 user.", "action_time": "2015-06-04T18:48:40.408Z", "object_id": "8", "content_type": ["recette", "recette"], "user": ["valentin"]}, "pk": 14, "model": "admin.logentry"}, {"fields": {"object_repr": "valentin", "action_flag": 2, "change_message": "Modifi\u00e9 first_name et last_name.", "action_time": "2015-06-04T22:20:32.741Z", "object_id": "18", "content_type": ["auth", "user"], "user": ["valentin"]}, "pk": 15, "model": "admin.logentry"}, {"fields": {"object_repr": "Tiramisu", "action_flag": 2, "change_message": "Modifi\u00e9 titre.", "action_time": "2015-06-05T20:20:44.294Z", "object_id": "10", "content_type": ["recette", "recette"], "user": ["valentin"]}, "pk": 16, "model": "admin.logentry"}]